-- phpMyAdmin SQL Dump
-- version 5.2.1
-- https://www.phpmyadmin.net/
--
-- Gép: 127.0.0.1
-- Létrehozás ideje: 2026. Jan 28. 15:37
-- Kiszolgáló verziója: 10.4.32-MariaDB
-- PHP verzió: 8.2.12

SET SQL_MODE = "NO_AUTO_VALUE_ON_ZERO";
START TRANSACTION;
SET time_zone = "+00:00";


/*!40101 SET @OLD_CHARACTER_SET_CLIENT=@@CHARACTER_SET_CLIENT */;
/*!40101 SET @OLD_CHARACTER_SET_RESULTS=@@CHARACTER_SET_RESULTS */;
/*!40101 SET @OLD_COLLATION_CONNECTION=@@COLLATION_CONNECTION */;
/*!40101 SET NAMES utf8mb4 */;

--
-- Adatbázis: `food_db`
--
CREATE DATABASE IF NOT EXISTS `food_db` DEFAULT CHARACTER SET utf8 COLLATE utf8_hungarian_ci;
USE `food_db`;

-- --------------------------------------------------------

--
-- Tábla szerkezet ehhez a táblához `activities`
--

CREATE TABLE `activities` (
  `id` int(11) NOT NULL,
  `name` varchar(255) DEFAULT NULL,
  `met` float(6,3) DEFAULT NULL,
  `category` varchar(255) DEFAULT NULL
) ENGINE=InnoDB DEFAULT CHARSET=utf8 COLLATE=utf8_hungarian_ci;

--
-- TÁBLA KAPCSOLATAI `activities`:
--

--
-- A tábla adatainak kiíratása `activities`
--

INSERT INTO `activities` (`id`, `name`, `met`, `category`) VALUES
(1, 'Ülés (irodai munka)', 1.300, 'egyéb'),
(2, 'Ülés (olvasás)', 1.300, 'egyéb'),
(3, 'Ülés (tévénézés)', 1.200, 'egyéb'),
(4, 'Alvás', 0.900, 'egyéb'),
(5, 'Állás (könnyű)', 1.800, 'egyéb'),
(6, 'Állás (boltban várakozás)', 1.800, 'egyéb'),
(7, 'Séta (2 km/h)', 2.000, 'kardio'),
(8, 'Séta (3 km/h)', 2.800, 'kardio'),
(9, 'Séta (4 km/h)', 3.300, 'kardio'),
(10, 'Séta (5 km/h)', 3.800, 'kardio'),
(11, 'Séta emelkedőn', 6.000, 'kardio'),
(12, 'Nordic walking', 6.800, 'kardio'),
(13, 'Kocogás (8 km/h)', 8.000, 'kardio'),
(14, 'Futás (10 km/h)', 10.000, 'kardio'),
(15, 'Futás (12 km/h)', 12.500, 'kardio'),
(16, 'Futás (14 km/h)', 14.000, 'kardio'),
(17, 'Kerékpározás (10–12 km/h)', 4.000, 'kardio'),
(18, 'Kerékpározás (16–20 km/h)', 7.000, 'kardio'),
(19, 'Kerékpározás (25+ km/h)', 10.000, 'kardio'),
(20, 'Szobakerékpár (könnyű)', 3.500, 'kardio'),
(21, 'Szobakerékpár (közepes)', 5.500, 'kardio'),
(22, 'Szobakerékpár (intenzív)', 7.000, 'kardio'),
(23, 'Elliptikus tréner', 5.000, 'kardio'),
(24, 'Evezőgép (közepes)', 7.000, 'kardio'),
(25, 'Evezés szabadban', 5.500, 'kardio'),
(26, 'Úszás (lassú)', 5.000, 'kardio'),
(27, 'Úszás (közepes)', 6.000, 'kardio'),
(28, 'Úszás (gyors)', 8.000, 'kardio'),
(29, 'Víz alatti aerobik', 5.300, 'kardio'),
(30, 'Túrázás', 6.000, 'kardio'),
(31, 'Hegymászás', 9.000, 'sport'),
(32, 'Hegyi kerékpározás', 8.500, 'kardio'),
(33, 'Súlyzós edzés (könnyű)', 3.000, 'erősítés'),
(34, 'Súlyzós edzés (közepes)', 4.000, 'erősítés'),
(35, 'Súlyzós edzés (intenzív)', 6.000, 'erősítés'),
(36, 'Guggolás (testsúlyos)', 5.000, 'erősítés'),
(37, 'Fekvőtámasz', 4.500, 'erősítés'),
(38, 'Plank tartás', 3.000, 'erősítés'),
(39, 'HIIT edzés', 9.000, 'erősítés'),
(40, 'CrossFit', 10.000, 'erősítés'),
(41, 'Pilates', 3.000, 'erősítés'),
(42, 'Jóga (könnyű)', 2.500, 'szabadidő'),
(43, 'Jóga (intenzív)', 3.300, 'szabadidő'),
(44, 'Stretching', 2.300, 'szabadidő'),
(45, 'Tánc (könnyű)', 3.000, 'szabadidő'),
(46, 'Tánc (közepes)', 4.800, 'szabadidő'),
(47, 'Tánc (intenzív)', 6.800, 'szabadidő'),
(48, 'Zumba', 6.000, 'szabadidő'),
(49, 'Aerobik (könnyű)', 4.000, 'kardio'),
(50, 'Aerobik (intenzív)', 7.300, 'kardio'),
(51, 'Box edzés (könnyű)', 5.000, 'sport'),
(52, 'Box edzés (intenzív)', 9.000, 'sport'),
(53, 'Küzdősport (általános)', 10.000, 'sport'),
(54, 'Karate', 10.300, 'sport'),
(55, 'Taekwondo', 9.500, 'sport'),
(56, 'Judo', 10.700, 'sport'),
(57, 'Kickbox', 8.000, 'sport'),
(58, 'Tenisz (páros)', 5.000, 'sport'),
(59, 'Tenisz (egyes)', 8.000, 'sport'),
(60, 'Asztalitenisz', 4.000, 'sport'),
(61, 'Kosárlabda (szabadidős)', 6.500, 'sport'),
(62, 'Kosárlabda (verseny)', 8.000, 'sport'),
(63, 'Foci (szabadidős)', 7.000, 'sport'),
(64, 'Foci (verseny)', 10.000, 'sport'),
(65, 'Kézilabda', 8.000, 'sport'),
(66, 'Röplabda (szabadidős)', 3.500, 'sport'),
(67, 'Röplabda (verseny)', 6.000, 'sport'),
(68, 'Tollaslabda', 5.500, 'sport'),
(69, 'Görkorcsolyázás (könnyű)', 5.000, 'kardio'),
(70, 'Görkorcsolyázás (gyors)', 9.800, 'kardio'),
(71, 'Korcsolyázás', 7.000, 'sport'),
(72, 'Síelés (lesiklás)', 7.000, 'sport'),
(73, 'Sífutás (közepes)', 9.000, 'sport'),
(74, 'Snowboard', 5.000, 'sport'),
(75, 'Kutyasétáltatás', 3.300, 'szabadidő'),
(76, 'Könnyű séta kutyával', 2.500, 'szabadidő'),
(77, 'Frizbi', 3.000, 'szabadidő'),
(78, 'Társasjáték', 1.500, 'szabadidő'),
(79, 'Sakkozás', 1.500, 'szabadidő'),
(80, 'E-sport / videojáték', 1.300, 'szabadidő'),
(81, 'Ház takarítása (könnyű)', 3.000, 'házimunka'),
(82, 'Felmosás', 3.500, 'házimunka'),
(83, 'Porszívózás', 3.300, 'házimunka'),
(84, 'Mosogatás', 2.300, 'házimunka'),
(85, 'Főzés', 2.000, 'házimunka'),
(86, 'Rendrakás', 3.000, 'házimunka'),
(87, 'Gyerek gondozása', 2.800, 'házimunka'),
(88, 'Bevásárlás gyalog', 2.500, 'házimunka'),
(89, 'Kertészkedés (könnyű)', 3.500, 'házimunka'),
(90, 'Kertásás', 5.000, 'házimunka'),
(91, 'Fűnyírás (tolós fűnyíró)', 5.500, 'házimunka'),
(92, 'Fűnyírás (motoros)', 4.000, 'házimunka'),
(93, 'Hó lapátolás', 6.000, 'házimunka'),
(94, 'Autómosás', 3.000, 'házimunka'),
(95, 'Autószerelés', 3.500, 'házimunka'),
(96, 'Faaprítás', 6.000, 'házimunka'),
(97, 'Rakodás (doboz cipelés)', 5.000, 'házimunka'),
(98, 'Emelés, pakolás (intenzív)', 6.500, 'házimunka'),
(99, 'Padló súrolása', 3.500, 'házimunka'),
(100, 'Ablakpucolás', 3.200, 'házimunka'),
(101, 'Vasalás', 1.800, 'házimunka'),
(102, 'Kutyakozmetika otthon', 3.000, 'házimunka'),
(103, 'Gyaloglás munkába', 3.500, 'kardio'),
(104, 'Kerékpárral munkába', 6.800, 'kardio'),
(105, 'Kajakozás', 5.000, 'sport'),
(106, 'Kenuzás', 7.000, 'sport'),
(107, 'Vitorlázás', 3.000, 'sport'),
(108, 'Lovaglás (könnyű)', 4.000, 'sport'),
(109, 'Lovaglás (intenzív)', 7.000, 'sport'),
(110, 'Túra hátizsákkal', 7.000, 'kardio'),
(111, 'Tájfutás', 9.500, 'sport'),
(112, 'Nordic trekking', 6.300, 'kardio'),
(113, 'Gyors lépcsőzés', 8.800, 'kardio'),
(114, 'Lépcsőzés lassan', 4.000, 'kardio'),
(115, 'Step aerobik', 7.500, 'kardio'),
(116, 'Ergométer evezés (intenzív)', 8.000, 'kardio'),
(117, 'Búvárkodás (palackos)', 7.000, 'sport'),
(118, 'Snorkeling', 5.000, 'sport'),
(119, 'Deszkázás (skateboard)', 5.000, 'sport'),
(120, 'Rollerezés (könnyű)', 3.000, 'kardio'),
(121, 'Rollerezés (gyors)', 6.000, 'kardio'),
(122, 'Sárkányhajózás', 6.500, 'sport'),
(123, 'Ejtőernyőzés (repülés közben)', 2.000, 'szabadidő'),
(124, 'Kötélugrás (lassú)', 8.800, 'kardio'),
(125, 'Kötélugrás (gyors)', 12.300, 'kardio'),
(126, 'TRX edzés (könnyű)', 4.000, 'erősítés'),
(127, 'TRX edzés (intenzív)', 7.000, 'erősítés'),
(128, 'Erőemelés', 6.000, 'erősítés'),
(129, 'Kettlebell edzés', 8.000, 'erősítés'),
(130, 'Medicinlabda edzés', 5.000, 'erősítés'),
(131, 'Hasprés sorozatok', 4.000, 'erősítés'),
(132, 'Hátizom gyakorlatok', 3.800, 'erősítés'),
(133, 'Csípőemelés', 3.200, 'erősítés'),
(134, 'Gumiszalagos edzés', 3.000, 'erősítés'),
(135, 'Pilates reformer gép', 4.000, 'erősítés'),
(136, 'Könnyű szobabiciklizés', 3.000, 'kardio'),
(137, 'Salsa tánc', 5.000, 'szabadidő'),
(138, 'Hip-hop tánc', 6.500, 'szabadidő'),
(139, 'Balett', 4.800, 'szabadidő'),
(140, 'Modern tánc', 5.500, 'szabadidő'),
(141, 'Keringő', 3.000, 'szabadidő'),
(142, 'Társastánc intenzív', 5.500, 'szabadidő'),
(143, 'Könnyű kerti munka', 3.800, 'házimunka'),
(144, 'Súlyos kerti munka', 6.500, 'házimunka'),
(145, 'Könnyű barkácsolás', 2.500, 'házimunka'),
(146, 'Festés (fal)', 3.300, 'házimunka'),
(147, 'Fúrás, kalapálás', 4.000, 'házimunka'),
(148, 'Bútorszerelés', 3.000, 'házimunka'),
(149, 'Költözködés (dobozcipelés)', 6.500, 'házimunka'),
(150, 'Kocogás terepen', 9.000, 'kardio'),
(151, 'Softball', 5.000, 'sport'),
(152, 'Rugby', 8.300, 'sport'),
(153, 'Amerikai foci', 8.000, 'sport'),
(154, 'Kétszemélyes kajakozás', 6.000, 'sport'),
(155, 'Golf séta közben', 4.300, 'sport'),
(156, 'Golf kocsival', 2.500, 'sport'),
(157, 'Íjászat', 3.000, 'sport'),
(158, 'Lövészet (céllövészet)', 2.000, 'sport'),
(159, 'Bútorcipelés', 6.000, 'házimunka'),
(160, 'Télisport: szánkózás', 3.000, 'sport'),
(161, 'Motorcsónak vezetése', 2.500, 'sport'),
(162, 'Kajakpóló', 8.000, 'sport'),
(163, 'Evezés hullámokon', 8.500, 'sport'),
(164, 'Surfing', 5.000, 'sport'),
(165, 'Bodyboard', 5.000, 'sport'),
(166, 'SUP (állószörf)', 4.000, 'sport'),
(167, 'SUP versenytempó', 6.000, 'sport'),
(168, 'Séta gyerekkocsival', 3.000, 'kardio'),
(169, 'Séta bevásárlókocsival', 2.800, 'kardio'),
(170, 'Csónak evezése tavon', 3.500, 'sport'),
(171, 'Paintball', 7.000, 'sport'),
(172, 'Lézercsata (Laser tag)', 6.000, 'sport'),
(173, 'Mászófal (könnyű)', 6.000, 'sport'),
(174, 'Mászófal (intenzív)', 9.000, 'sport'),
(175, 'Parkour (könnyű)', 7.500, 'sport'),
(176, 'Parkour (intenzív)', 10.000, 'sport'),
(177, 'Sztepptánc', 4.000, 'szabadidő'),
(178, 'Kempingezés (sátorállítás)', 3.500, 'szabadidő'),
(179, 'Ír tánc', 5.500, 'szabadidő'),
(180, 'Könnyű séta városban', 2.800, 'kardio'),
(181, 'Szex, passzív', 1.800, 'egyéb'),
(182, 'Szex, átlagos', 3.000, 'egyéb'),
(183, 'Szex, aktív', 5.800, 'egyéb');

-- --------------------------------------------------------

--
-- Tábla szerkezet ehhez a táblához `foodstuff`
--

CREATE TABLE `foodstuff` (
  `id` int(11) NOT NULL,
  `type` varchar(255) NOT NULL DEFAULT 'ingredient',
  `name` varchar(255) NOT NULL,
  `unit` varchar(50) NOT NULL,
  `calories` int(11) NOT NULL,
  `protein` int(11) DEFAULT NULL,
  `carbohydrate` int(11) DEFAULT NULL,
  `fat` int(11) DEFAULT NULL,
  `description` text DEFAULT '',
  `img_path` varchar(255) DEFAULT '',
  `uploaded_by` varchar(255) DEFAULT 'admin'
) ENGINE=InnoDB DEFAULT CHARSET=utf8 COLLATE=utf8_hungarian_ci;

--
-- TÁBLA KAPCSOLATAI `foodstuff`:
--

--
-- A tábla adatainak kiíratása `foodstuff`
--

INSERT INTO `foodstuff` (`id`, `type`, `name`, `unit`, `calories`, `protein`, `carbohydrate`, `fat`, `description`, `img_path`, `uploaded_by`) VALUES
(1, 'ingredient', 'Banán', 'g', 89, 1, 23, 0, '', '', 'admin'),
(2, 'ingredient', 'Alma', 'g', 52, 0, 14, 0, '', '', 'admin'),
(3, 'ingredient', 'Narancs', 'g', 47, 1, 12, 0, '', '', 'admin'),
(4, 'ingredient', 'Görögdinnye', 'g', 29, 1, 7, 0, '', '', 'admin'),
(5, 'ingredient', 'Mandarin', 'g', 53, 1, 13, 0, '', '', 'admin'),
(6, 'ingredient', 'Földieper', 'g', 32, 1, 8, 0, '', '', 'admin'),
(7, 'ingredient', 'Őszibarack', 'g', 41, 1, 9, 0, '', '', 'admin'),
(8, 'ingredient', 'Szőlő', 'g', 78, 1, 18, 1, '', '', 'admin'),
(9, 'ingredient', 'Körte', 'g', 35, 0, 8, 0, '', '', 'admin'),
(10, 'ingredient', 'Golden alma', 'g', 31, 0, 7, 0, '', '', 'admin'),
(11, 'ingredient', 'Áfonya', 'g', 56, 1, 15, 1, '', '', 'admin'),
(12, 'ingredient', 'Szilva', 'g', 46, 1, 11, 0, '', '', 'admin'),
(13, 'ingredient', 'Nektarin', 'g', 49, 0, 11, 1, '', '', 'admin'),
(14, 'ingredient', 'Idared alma', 'g', 53, 0, 14, 0, '', '', 'admin'),
(15, 'ingredient', 'Sárgabarack', 'g', 48, 1, 10, 1, '', '', 'admin'),
(16, 'ingredient', 'Málna', 'g', 29, 1, 5, 1, '', '', 'admin'),
(17, 'ingredient', 'Kivi', 'g', 49, 1, 11, 1, '', '', 'admin'),
(18, 'ingredient', 'Cseresznye', 'g', 63, 1, 14, 1, '', '', 'admin'),
(19, 'ingredient', 'Sárgadinnye (sárga húsú)', 'g', 34, 1, 8, 0, '', '', 'admin'),
(20, 'ingredient', 'Ananász', 'g', 53, 0, 12, 0, '', '', 'admin'),
(21, 'ingredient', 'Meggy', 'g', 50, 1, 12, 0, '', '', 'admin'),
(22, 'ingredient', 'Sárgabarack lekvár', 'g', 267, 0, 65, 0, '', '', 'admin'),
(23, 'ingredient', 'Mazsola', 'g', 293, 2, 65, 7, '', '', 'admin'),
(24, 'ingredient', 'Grapefruit', 'g', 33, 1, 8, 0, '', '', 'admin'),
(25, 'ingredient', 'Eperlekvár', 'g', 237, 0, 58, 0, '', '', 'admin'),
(26, 'ingredient', 'Füge (nyers)', 'g', 74, 1, 19, 0, '', '', 'admin'),
(27, 'ingredient', 'Mangó', 'g', 65, 1, 17, 0, '', '', 'admin'),
(28, 'ingredient', 'Aszalt szilva', 'g', 240, 2, 64, 0, '', '', 'admin'),
(29, 'ingredient', 'Bosc kobak (Alexander) körte', 'g', 54, 0, 12, 0, '', '', 'admin'),
(30, 'ingredient', 'Pomelo', 'g', 38, 1, 10, 0, '', '', 'admin'),
(31, 'ingredient', 'Citrom', 'g', 27, 0, 2, 0, '', '', 'admin'),
(32, 'ingredient', 'Gránátalma', 'g', 85, 2, 19, 1, '', '', 'admin'),
(33, 'ingredient', 'Szeder', 'g', 43, 1, 10, 0, '', '', 'admin'),
(34, 'ingredient', 'Datolya ', 'g', 300, 2, 73, 1, '', '', 'admin'),
(35, 'ingredient', 'Szilva lekvár', 'g', 227, 1, 54, 0, '', '', 'admin'),
(36, 'ingredient', 'Gyümölcssaláta', 'g', 76, 1, 15, 2, '', '', 'admin'),
(37, 'ingredient', 'Ribizli', 'g', 34, 1, 7, 1, '', '', 'admin'),
(38, 'ingredient', 'Őszibarack befőtt', 'g', 90, 1, 21, 0, '', '', 'admin'),
(39, 'ingredient', 'Aszalt áfonya ', 'g', 324, 0, 83, 0, '', '', 'admin'),
(40, 'ingredient', 'Jonatán alma', 'g', 33, 0, 7, 0, '', '', 'admin'),
(41, 'ingredient', 'Kajszibarack', 'g', 48, 1, 10, 1, '', '', 'admin'),
(42, 'ingredient', 'Meggybefőtt', 'g', 90, 1, 21, 1, '', '', 'admin'),
(43, 'ingredient', 'Aszalt sárgabarack ', 'g', 241, 3, 63, 1, '', '', 'admin'),
(44, 'ingredient', 'Aszalt füge ', 'g', 302, 4, 62, 1, '', '', 'admin'),
(45, 'ingredient', 'Ringló', 'g', 61, 1, 14, 0, '', '', 'admin'),
(46, 'ingredient', 'Diabetikus eperlekvár', 'g', 111, 0, 26, 0, '', '', 'admin'),
(47, 'ingredient', 'Meggy lekvár', 'g', 292, 0, 70, 1, '', '', 'admin'),
(48, 'ingredient', 'Khaki', 'g', 70, 1, 18, 2, '', '', 'admin'),
(49, 'ingredient', 'Aszalt paradicsom ', 'g', 257, 14, 56, 3, '', '', 'admin'),
(50, 'ingredient', 'Birsalma', 'g', 42, 1, 9, 0, '', '', 'admin'),
(51, 'ingredient', 'Narancslekvár', 'g', 245, 0, 65, 0, '', '', 'admin'),
(52, 'ingredient', 'Egres', 'g', 39, 1, 8, 0, '', '', 'admin'),
(53, 'ingredient', 'Banán chips', 'g', 515, 2, 59, 34, '', '', 'admin'),
(54, 'ingredient', 'Füge (szárított)', 'g', 262, 4, 62, 1, '', '', 'admin'),
(55, 'ingredient', 'Naspolya', 'g', 55, 1, 12, 0, '', '', 'admin'),
(56, 'ingredient', 'Aszalt meggy ', 'g', 234, 3, 78, 0, '', '', 'admin'),
(57, 'ingredient', 'Aszalt mangó ', 'g', 338, 2, 82, 1, '', '', 'admin'),
(58, 'ingredient', 'Papaya', 'g', 39, 1, 10, 0, '', '', 'admin'),
(59, 'ingredient', 'Aszalt gyömbér ', 'g', 261, 7, 60, 3, '', '', 'admin'),
(60, 'ingredient', 'Aszalt ananász ', 'g', 175, 1, 38, 1, '', '', 'admin'),
(61, 'ingredient', 'Aszalt alma ', 'g', 248, 1, 55, 2, '', '', 'admin'),
(62, 'ingredient', 'Kaktuszfüge', 'g', 42, 1, 10, 1, '', '', 'admin'),
(63, 'ingredient', 'Aszalt papaya ', 'g', 256, 4, 65, 1, '', '', 'admin'),
(64, 'ingredient', 'Aszalt cseresznye ', 'g', 178, 3, 39, 1, '', '', 'admin'),
(65, 'ingredient', 'Aszalt körte ', 'g', 310, 2, 70, 1, '', '', 'admin'),
(66, 'ingredient', 'Aszalt eper ', 'g', 272, 3, 20, 1, '', '', 'admin'),
(67, 'ingredient', 'Áfonyaszirup', 'g', 265, 0, 0, 0, '', '', 'admin'),
(68, 'ingredient', 'Aszalt sárgadinnye ', 'g', 268, 9, 54, 1, '', '', 'admin'),
(69, 'ingredient', 'Kókusz', 'g', 354, 3, 15, 34, '', '', 'admin'),
(70, 'ingredient', 'Csipkebogyó', 'g', 51, 4, 8, 1, '', '', 'admin'),
(71, 'ingredient', 'Eper (fán termő)', 'g', 49, 0, 11, 0, '', '', 'admin'),
(72, 'ingredient', 'Alma pektin', 'g', 336, 0, 46, 0, '', '', 'admin'),
(73, 'ingredient', 'Aszalt őszibarack ', 'g', 256, 3, 53, 1, '', '', 'admin'),
(74, 'ingredient', 'Ribiszke (vörös)', 'g', 48, 1, 10, 1, '', '', 'admin'),
(75, 'ingredient', 'Guava', 'g', 69, 3, 15, 1, '', '', 'admin'),
(76, 'ingredient', 'Karambola', 'g', 32, 1, 7, 0, '', '', 'admin'),
(77, 'ingredient', 'Zabpehely', 'g', 389, 17, 66, 7, '', '', 'admin'),
(78, 'ingredient', 'Mandula', 'g', 626, 28, 7, 52, '', '', 'admin'),
(79, 'ingredient', 'Dió', 'g', 654, 15, 14, 65, '', '', 'admin'),
(80, 'ingredient', 'Basmati rizs (főtt)', 'g', 103, 2, 22, 0, '', '', 'admin'),
(81, 'ingredient', 'Chia mag', 'g', 486, 17, 42, 31, '', '', 'admin'),
(82, 'ingredient', 'Puffasztott rizs', 'g', 356, 9, 80, 0, '', '', 'admin'),
(83, 'ingredient', 'Földimogyoró (pörkölt)', 'g', 609, 27, 15, 47, '', '', 'admin'),
(84, 'ingredient', 'Kesudió', 'g', 596, 18, 32, 42, '', '', 'admin'),
(85, 'ingredient', 'Teljes kiőrlésű zabpehely', 'g', 359, 14, 56, 6, '', '', 'admin'),
(86, 'ingredient', 'Bulgur', 'g', 342, 12, 76, 1, '', '', 'admin'),
(87, 'ingredient', 'Lenmag', 'g', 534, 18, 29, 42, '', '', 'admin'),
(88, 'ingredient', 'Ham-let puffasztott rizs', 'g', 369, 8, 77, 2, '', '', 'admin'),
(89, 'ingredient', 'Tökmag', 'g', 623, 34, 4, 51, '', '', 'admin'),
(90, 'ingredient', ' Liszt (általános)', 'g', 339, 10, 71, 1, '', '', 'admin'),
(91, 'ingredient', 'Napraforgómag (szotyi)', 'g', 590, 19, 17, 48, '', '', 'admin'),
(92, 'ingredient', 'Popcorn', 'g', 461, 8, 53, 24, '', '', 'admin'),
(93, 'ingredient', 'Pisztácia', 'g', 650, 22, 14, 54, '', '', 'admin'),
(94, 'ingredient', 'Kókuszreszelék', 'g', 726, 7, 24, 65, '', '', 'admin'),
(95, 'ingredient', 'Kukoricapehely', 'g', 378, 8, 83, 1, '', '', 'admin'),
(96, 'ingredient', 'Diákcsemege magvak', 'g', 497, 13, 37, 33, '', '', 'admin'),
(97, 'ingredient', 'Puffasztott búza', 'g', 351, 9, 70, 2, '', '', 'admin'),
(98, 'ingredient', 'Mák', 'g', 537, 21, 24, 38, '', '', 'admin'),
(99, 'ingredient', 'Köles', 'g', 371, 11, 71, 4, '', '', 'admin'),
(100, 'ingredient', 'Törökmogyoró', 'g', 690, 16, 9, 64, '', '', 'admin'),
(101, 'ingredient', 'Fehér rizs', 'g', 353, 7, 78, 1, '', '', 'admin'),
(102, 'ingredient', 'Barna rizs (nyers)', 'g', 370, 8, 77, 3, '', '', 'admin'),
(103, 'ingredient', 'Rizs (nyers, általános)', 'g', 353, 7, 78, 1, '', '', 'admin'),
(104, 'ingredient', 'Szezámmag', 'g', 631, 20, 12, 61, '', '', 'admin'),
(105, 'ingredient', 'Csicseriborsó (főtt)', 'g', 142, 8, 21, 3, '', '', 'admin'),
(106, 'ingredient', 'Quinoa', 'g', 374, 13, 69, 6, '', '', 'admin'),
(107, 'ingredient', 'Zabliszt', 'g', 395, 15, 65, 7, '', '', 'admin'),
(108, 'ingredient', 'Búzadara', 'g', 348, 9, 73, 1, '', '', 'admin'),
(109, 'ingredient', 'Kakaós gabonapehely', 'g', 373, 8, 74, 3, '', '', 'admin'),
(110, 'ingredient', 'Vajas Popcorn', 'g', 461, 8, 53, 24, '', '', 'admin'),
(111, 'ingredient', 'Búzakorpa', 'g', 322, 15, 51, 6, '', '', 'admin'),
(112, 'ingredient', 'Hajdina', 'g', 342, 13, 72, 3, '', '', 'admin'),
(113, 'ingredient', 'Zsemlemorzsa', 'g', 358, 10, 74, 2, '', '', 'admin'),
(114, 'ingredient', 'Búzacsíra', 'g', 349, 25, 42, 8, '', '', 'admin'),
(115, 'ingredient', 'Rizsliszt', 'g', 359, 7, 79, 1, '', '', 'admin'),
(116, 'ingredient', 'Paradió', 'g', 709, 14, 7, 67, '', '', 'admin'),
(117, 'ingredient', 'Pekán dió', 'g', 691, 9, 14, 72, '', '', 'admin'),
(118, 'ingredient', 'Gabonapehely', 'g', 372, 8, 78, 1, '', '', 'admin'),
(119, 'ingredient', 'Kukoricadara', 'g', 355, 10, 70, 3, '', '', 'admin'),
(120, 'ingredient', 'Árpagyöngy', 'g', 359, 10, 73, 2, '', '', 'admin'),
(121, 'ingredient', 'Tökmag (pörkölt)', 'g', 623, 34, 4, 51, '', '', 'admin'),
(122, 'ingredient', 'Makadámi dió', 'g', 718, 8, 14, 76, '', '', 'admin'),
(123, 'ingredient', 'Rozsliszt (teljes kiőrlésű)', 'g', 325, 9, 66, 2, '', '', 'admin'),
(124, 'ingredient', 'Búzaliszt (teljes kiőrlésű)', 'g', 351, 12, 71, 3, '', '', 'admin'),
(125, 'ingredient', 'Rozspehely', 'g', 322, 9, 66, 2, '', '', 'admin'),
(126, 'ingredient', 'Kókuszdió (friss)', 'g', 401, 4, 10, 37, '', '', 'admin'),
(127, 'ingredient', 'Graham liszt', 'g', 350, 12, 69, 0, '', '', 'admin'),
(128, 'ingredient', 'Mustármag', 'g', 508, 26, 28, 36, '', '', 'admin'),
(129, 'ingredient', 'Vadrizs (nyers)', 'g', 357, 15, 75, 1, '', '', 'admin'),
(130, 'ingredient', 'Búza rétesliszt', 'g', 339, 10, 71, 1, '', '', 'admin'),
(131, 'ingredient', 'Tönkölybúza', 'g', 323, 14, 59, 3, '', '', 'admin'),
(132, 'ingredient', 'Rozsliszt', 'g', 314, 8, 67, 1, '', '', 'admin'),
(133, 'ingredient', 'Árpa mag', 'g', 363, 11, 73, 2, '', '', 'admin'),
(134, 'ingredient', 'Kardamom', 'g', 311, 11, 68, 7, '', '', 'admin'),
(135, 'ingredient', 'Árpadara', 'g', 320, 9, 66, 2, '', '', 'admin'),
(136, 'ingredient', 'Kukorica mag', 'g', 339, 9, 65, 4, '', '', 'admin'),
(137, 'ingredient', 'Durumbúza', 'g', 339, 14, 71, 2, '', '', 'admin'),
(138, 'ingredient', 'Ánizsmag', 'g', 337, 18, 50, 16, '', '', 'admin'),
(139, 'ingredient', 'Árpaliszt', 'g', 306, 9, 63, 1, '', '', 'admin'),
(140, 'ingredient', 'Búza mag', 'g', 347, 14, 66, 2, '', '', 'admin'),
(141, 'ingredient', 'Rozs (mag)', 'g', 330, 10, 67, 2, '', '', 'admin'),
(142, 'ingredient', 'Lucerna mag', 'g', 23, 4, 2, 1, '', '', 'admin'),
(143, 'ingredient', 'Csiperkegomba', 'g', 22, 3, 3, 0, '', '', 'admin'),
(144, 'ingredient', 'Laskagomba', 'g', 39, 2, 6, 1, '', '', 'admin'),
(145, 'ingredient', 'Csiperkegomba konzerv', 'g', 22, 3, 2, 1, '', '', 'admin'),
(146, 'ingredient', 'Vargánya', 'g', 41, 6, 4, 0, '', '', 'admin'),
(147, 'ingredient', 'Sárga rókagomba', 'g', 32, 2, 3, 1, '', '', 'admin'),
(148, 'ingredient', 'Shiitake gomba', 'g', 35, 2, 7, 1, '', '', 'admin'),
(149, 'ingredient', 'Nagy őzlábgomba', 'g', 40, 5, 2, 1, '', '', 'admin'),
(150, 'ingredient', 'Szegfűgomba', 'g', 33, 4, 2, 1, '', '', 'admin'),
(151, 'ingredient', 'Galambgomba', 'g', 18, 2, 1, 1, '', '', 'admin'),
(152, 'ingredient', 'Vargánya (szárított)', 'g', 167, 30, 4, 3, '', '', 'admin'),
(153, 'ingredient', 'Barna érdes tinóru gomba', 'g', 35, 5, 1, 1, '', '', 'admin'),
(154, 'ingredient', 'Kucsmagomba', 'g', 42, 3, 7, 0, '', '', 'admin'),
(155, 'ingredient', 'Pereszke', 'g', 35, 5, 2, 1, '', '', 'admin'),
(156, 'ingredient', 'Laskagomba konzerv', 'g', 37, 2, 6, 1, '', '', 'admin'),
(157, 'ingredient', 'Rizike', 'g', 41, 3, 6, 1, '', '', 'admin'),
(158, 'ingredient', 'Sárga rókagomba konzerv', 'g', 29, 2, 4, 1, '', '', 'admin'),
(159, 'ingredient', 'Szárnyasmájkrém konzerv', 'g', 177, 9, 12, 10, '', '', 'admin'),
(160, 'ingredient', 'Füstölt lazac', 'g', 117, 18, 0, 4, '', '', 'admin'),
(161, 'ingredient', 'Olajos hal', 'g', 219, 29, 0, 11, '', '', 'admin'),
(162, 'ingredient', 'Vörösbab konzerv', 'g', 92, 8, 13, 1, '', '', 'admin'),
(163, 'ingredient', 'Sűrített paradicsom', 'g', 93, 4, 16, 1, '', '', 'admin'),
(164, 'ingredient', 'Paradicsomos hering', 'g', 125, 12, 5, 6, '', '', 'admin'),
(165, 'ingredient', 'Pácolt hering', 'g', 88, 8, 2, 6, '', '', 'admin'),
(166, 'ingredient', 'Kaviár', 'g', 274, 26, 5, 16, '', '', 'admin'),
(167, 'ingredient', 'Olajos tőkehal konzerv', 'g', 275, 16, 0, 22, '', '', 'admin'),
(168, 'ingredient', 'Rio Mare Tonhal olíva olajban', 'g', 213, 16, 0, 26, '', '', 'admin'),
(169, 'ingredient', 'Sült lazac', 'g', 177, 19, 0, 11, '', '', 'admin'),
(170, 'ingredient', 'Tonhal sós lében', 'g', 125, 24, 0, 3, '', '', 'admin'),
(171, 'ingredient', 'Halrudak', 'g', 194, 11, 20, 8, '', '', 'admin'),
(172, 'ingredient', 'Lazac (nyers)', 'g', 142, 20, 0, 6, '', '', 'admin'),
(173, 'ingredient', 'Sült hal paprikás lisztben', 'g', 172, 18, 5, 9, '', '', 'admin'),
(174, 'ingredient', 'Sushi', 'g', 135, 4, 26, 3, '', '', 'admin'),
(175, 'ingredient', 'Garnélarák (előfőzött)', 'g', 99, 24, 0, 0, '', '', 'admin'),
(176, 'ingredient', 'Alaszkai tőkehal (nyers)', 'g', 82, 18, 0, 1, '', '', 'admin'),
(177, 'ingredient', 'Afrikai harcsafilé', 'g', 85, 18, 0, 2, '', '', 'admin'),
(178, 'ingredient', 'Hekk (nyers)', 'g', 89, 20, 0, 1, '', '', 'admin'),
(179, 'ingredient', 'Grillezett hal', 'g', 98, 20, 0, 2, '', '', 'admin'),
(180, 'ingredient', 'Pisztráng (nyers)', 'g', 116, 22, 0, 3, '', '', 'admin'),
(181, 'ingredient', 'Tükör ponty', 'g', 146, 16, 0, 9, '', '', 'admin'),
(182, 'ingredient', 'Makréla', 'g', 182, 19, 0, 12, '', '', 'admin'),
(183, 'ingredient', 'Tonhal (nyers)', 'g', 87, 19, 1, 1, '', '', 'admin'),
(184, 'ingredient', 'Busa (nyers)', 'g', 94, 18, 1, 2, '', '', 'admin'),
(185, 'ingredient', 'Tintahal (nyers)', 'g', 83, 16, 2, 1, '', '', 'admin'),
(186, 'ingredient', 'Süllő (nyers)', 'g', 93, 19, 0, 1, '', '', 'admin'),
(187, 'ingredient', 'Tőkehal (nyers)', 'g', 79, 18, 0, 1, '', '', 'admin'),
(188, 'ingredient', 'Amúr (nyers)', 'g', 145, 18, 0, 8, '', '', 'admin'),
(189, 'ingredient', 'Keszeg', 'g', 77, 17, 0, 1, '', '', 'admin'),
(190, 'ingredient', 'Sügér (nyers)', 'g', 79, 18, 0, 1, '', '', 'admin'),
(191, 'ingredient', 'Nyelvhal (nyers)', 'g', 85, 19, 0, 1, '', '', 'admin'),
(192, 'ingredient', 'Fogas (nyers)', 'g', 86, 19, 0, 1, '', '', 'admin'),
(193, 'ingredient', 'Csuka (nyers)', 'g', 71, 17, 0, 0, '', '', 'admin'),
(194, 'ingredient', 'Törpeharcsa', 'g', 119, 15, 0, 6, '', '', 'admin'),
(195, 'ingredient', 'Lepényhal (nyers)', 'g', 118, 21, 0, 4, '', '', 'admin'),
(196, 'ingredient', 'Nyurga ponty', 'g', 101, 16, 0, 4, '', '', 'admin'),
(197, 'ingredient', 'Angolna (nyers)', 'g', 295, 15, 0, 25, '', '', 'admin'),
(198, 'ingredient', 'Füstölt angolna (nyers)', 'g', 480, 28, 0, 39, '', '', 'admin'),
(199, 'ingredient', 'Balin (nyers)', 'g', 124, 18, 0, 6, '', '', 'admin'),
(200, 'ingredient', 'Csirkemell (nyers)', 'g', 120, 23, 0, 3, '', '', 'admin'),
(201, 'ingredient', 'Gépsonka', 'g', 157, 23, 0, 7, '', '', 'admin'),
(202, 'ingredient', 'Virsli (általános)', 'g', 198, 19, 0, 13, '', '', 'admin'),
(203, 'ingredient', 'Téliszalámi', 'g', 524, 25, 0, 47, '', '', 'admin'),
(204, 'ingredient', 'Párizsi', 'g', 219, 12, 0, 18, '', '', 'admin'),
(205, 'ingredient', 'Pulykamell sonka', 'g', 107, 15, 1, 4, '', '', 'admin'),
(206, 'ingredient', 'Paprikás szalámi', 'g', 472, 20, 0, 42, '', '', 'admin'),
(207, 'ingredient', 'Főtt csirkemell', 'g', 112, 25, 1, 1, '', '', 'admin'),
(208, 'ingredient', 'Füstölt kolbász', 'g', 372, 16, 1, 25, '', '', 'admin'),
(209, 'ingredient', 'Tepertő (általános)', 'g', 823, 12, 0, 83, '', '', 'admin'),
(210, 'ingredient', 'Juhbeles virsli', 'g', 256, 10, 2, 25, '', '', 'admin'),
(211, 'ingredient', 'Füstölt főtt tarja', 'g', 153, 15, 1, 9, '', '', 'admin'),
(212, 'ingredient', 'Baromfi virsli', 'g', 198, 19, 0, 13, '', '', 'admin'),
(213, 'ingredient', 'Sága füstli (klasszik)', 'g', 218, 12, 2, 18, '', '', 'admin'),
(214, 'ingredient', 'Szalámi (általános)', 'g', 532, 25, 0, 46, '', '', 'admin'),
(215, 'ingredient', 'Májas hurka', 'g', 307, 14, 9, 23, '', '', 'admin'),
(216, 'ingredient', 'Füstölt, főtt császárszalonna', 'g', 271, 13, 1, 24, '', '', 'admin'),
(217, 'ingredient', 'Gyulai kolbász', 'g', 479, 22, 1, 43, '', '', 'admin'),
(218, 'ingredient', 'Füstölt sonka (zsíros)', 'g', 378, 17, 0, 33, '', '', 'admin'),
(219, 'ingredient', 'Zala felvágott (általános)', 'g', 253, 16, 1, 20, '', '', 'admin'),
(220, 'ingredient', 'Májas', 'g', 334, 13, 0, 30, '', '', 'admin'),
(221, 'ingredient', 'Főtt sertéshús', 'g', 163, 21, 0, 8, '', '', 'admin'),
(222, 'ingredient', 'Pápai extra sonka', 'g', 103, 16, 0, 4, '', '', 'admin'),
(223, 'ingredient', 'Disznósajt', 'g', 323, 15, 0, 28, '', '', 'admin'),
(224, 'ingredient', 'Kacsacomb, sült (bőrrel, csonttal)', 'g', 217, 27, 0, 11, '', '', 'admin'),
(225, 'ingredient', 'Baromfi párizsi', 'g', 238, 13, 0, 20, '', '', 'admin'),
(226, 'ingredient', 'Turista felvágott', 'g', 403, 28, 0, 31, '', '', 'admin'),
(227, 'ingredient', 'Főtt csirkehús', 'g', 147, 21, 0, 6, '', '', 'admin'),
(228, 'ingredient', 'Prágai sonka', 'g', 98, 19, 1, 2, '', '', 'admin'),
(229, 'ingredient', 'Főtt csirkecomb', 'g', 194, 30, 1, 7, '', '', 'admin'),
(230, 'ingredient', 'Sertés szűzpecsenye/szűzérme (sült)', 'g', 173, 28, 0, 6, '', '', 'admin'),
(231, 'ingredient', 'Főtt marhahús', 'g', 147, 21, 1, 6, '', '', 'admin'),
(232, 'ingredient', 'Tavaszi felvágott', 'g', 176, 12, 2, 14, '', '', 'admin'),
(233, 'ingredient', 'Véres hurka', 'g', 301, 13, 8, 23, '', '', 'admin'),
(234, 'ingredient', 'Csabai kolbász', 'g', 472, 20, 0, 42, '', '', 'admin'),
(235, 'ingredient', 'Sertés comb (nyers)', 'g', 136, 20, 0, 5, '', '', 'admin'),
(236, 'ingredient', 'Diákcsemege szalámi', 'g', 430, 23, 1, 38, '', '', 'admin'),
(237, 'ingredient', 'Olasz felvágott', 'g', 343, 14, 0, 31, '', '', 'admin'),
(238, 'ingredient', 'Lecsókolbász', 'g', 281, 16, 0, 23, '', '', 'admin'),
(239, 'ingredient', 'Pulykamell (nyers)', 'g', 139, 26, 0, 3, '', '', 'admin'),
(240, 'ingredient', 'Marhapárizsi', 'g', 176, 12, 2, 14, '', '', 'admin'),
(241, 'ingredient', 'Grillkolbász', 'g', 237, 15, 1, 25, '', '', 'admin'),
(242, 'ingredient', 'Füstölt főtt karaj', 'g', 113, 16, 2, 5, '', '', 'admin'),
(243, 'ingredient', 'Sült kacsamell (bőrrel)', 'g', 337, 19, 0, 28, '', '', 'admin'),
(244, 'ingredient', 'Csirkemáj (nyers)', 'g', 128, 20, 3, 4, '', '', 'admin'),
(245, 'ingredient', 'Füstölt pulykapárizsi', 'g', 224, 11, 0, 20, '', '', 'admin'),
(246, 'ingredient', 'Sertés karaj (nyers)', 'g', 143, 21, 0, 6, '', '', 'admin'),
(247, 'ingredient', 'Főtt csirkemáj', 'g', 128, 20, 3, 4, '', '', 'admin'),
(248, 'ingredient', 'Főtt csülök', 'g', 327, 28, 0, 23, '', '', 'admin'),
(249, 'ingredient', 'Csevapcsicsa', 'g', 239, 16, 1, 19, '', '', 'admin'),
(250, 'ingredient', 'Csirkecomb (nyers, bőr nélkül)', 'g', 136, 21, 1, 5, '', '', 'admin'),
(251, 'ingredient', 'Selyemsonka', 'g', 107, 15, 0, 5, '', '', 'admin'),
(252, 'ingredient', 'Tepertőkrém (általános)', 'g', 825, 12, 0, 83, '', '', 'admin'),
(253, 'ingredient', 'Marha lapocka (nyers)', 'g', 147, 21, 1, 6, '', '', 'admin'),
(254, 'ingredient', 'Rántott pulykamell', 'g', 214, 17, 14, 15, '', '', 'admin'),
(255, 'ingredient', 'Sertéscomb (nyers)', 'g', 136, 20, 0, 5, '', '', 'admin'),
(256, 'ingredient', 'Szafaládé', 'g', 219, 12, 0, 18, '', '', 'admin'),
(257, 'ingredient', 'Baromfi felvágott', 'g', 226, 19, 0, 16, '', '', 'admin'),
(258, 'ingredient', 'Kenőmájas', 'g', 324, 16, 0, 28, '', '', 'admin'),
(259, 'ingredient', 'Mortadella', 'g', 343, 14, 0, 31, '', '', 'admin'),
(260, 'ingredient', 'Sertés lapocka (nyers)', 'g', 295, 18, 0, 24, '', '', 'admin'),
(261, 'ingredient', 'Húskenyér', 'g', 237, 16, 0, 19, '', '', 'admin'),
(262, 'ingredient', 'Csirke zúza (nyers)', 'g', 94, 18, 0, 3, '', '', 'admin'),
(263, 'ingredient', 'Kagyló', 'g', 82, 9, 7, 2, '', '', 'admin'),
(264, 'ingredient', 'Bárányhús', 'g', 200, 20, 0, 13, '', '', 'admin'),
(265, 'ingredient', 'Marha bélszín (nyers)', 'g', 121, 19, 1, 4, '', '', 'admin'),
(266, 'ingredient', 'Borjúhús (nyers)', 'g', 123, 20, 0, 5, '', '', 'admin'),
(267, 'ingredient', 'Sertés velő (nyers)', 'g', 117, 9, 0, 9, '', '', 'admin'),
(268, 'ingredient', 'Nyúl (nyers)', 'g', 162, 21, 0, 8, '', '', 'admin'),
(269, 'ingredient', 'Csontvelő', 'g', 849, 3, 0, 90, '', '', 'admin'),
(270, 'ingredient', 'Libamáj (nyers)', 'g', 467, 22, 1, 40, '', '', 'admin'),
(271, 'ingredient', 'Sertés máj (nyers)', 'g', 139, 20, 3, 5, '', '', 'admin'),
(272, 'ingredient', 'Szarvas hús (nyers)', 'g', 123, 21, 1, 4, '', '', 'admin'),
(273, 'ingredient', 'Csirke szív (nyers)', 'g', 153, 16, 1, 9, '', '', 'admin'),
(274, 'ingredient', 'Vaddisznó színhús (nyers)', 'g', 112, 22, 0, 2, '', '', 'admin'),
(275, 'ingredient', 'Sertés csülök (nyers)', 'g', 337, 16, 0, 29, '', '', 'admin'),
(276, 'ingredient', 'Sertés dagadó (nyers)', 'g', 441, 12, 0, 42, '', '', 'admin'),
(277, 'ingredient', 'Sertés nyelv (nyers)', 'g', 220, 17, 1, 16, '', '', 'admin'),
(278, 'ingredient', 'Marha hátszín (magas)', 'g', 240, 19, 1, 17, '', '', 'admin'),
(279, 'ingredient', 'Marhamáj (nyers)', 'g', 129, 21, 4, 3, '', '', 'admin'),
(280, 'ingredient', 'Sertés fejhús', 'g', 413, 10, 0, 40, '', '', 'admin'),
(281, 'ingredient', 'Birkahús', 'g', 316, 17, 0, 26, '', '', 'admin'),
(282, 'ingredient', 'Vadkacsa hús (nyers)', 'g', 124, 23, 1, 3, '', '', 'admin'),
(283, 'ingredient', 'Gyöngytyúk hús (bőr nélkül)', 'g', 109, 29, 0, 2, '', '', 'admin'),
(284, 'ingredient', 'Sertés szív (nyers)', 'g', 118, 17, 1, 4, '', '', 'admin'),
(285, 'ingredient', 'Borjúmáj (nyers)', 'g', 129, 21, 4, 3, '', '', 'admin'),
(286, 'ingredient', 'Marha felsál (nyers)', 'g', 249, 17, 1, 19, '', '', 'admin'),
(287, 'ingredient', 'Pacal (nyers)', 'g', 168, 16, 0, 11, '', '', 'admin'),
(288, 'ingredient', 'Kacsapecsenye (nyers)', 'g', 191, 19, 0, 12, '', '', 'admin'),
(289, 'ingredient', 'Fácán (nyers)', 'g', 111, 22, 1, 2, '', '', 'admin'),
(290, 'ingredient', 'Őzhús (nyers)', 'g', 105, 21, 0, 2, '', '', 'admin'),
(291, 'ingredient', 'Sertés vese (nyers)', 'g', 118, 17, 0, 5, '', '', 'admin'),
(292, 'ingredient', 'Gyöngytyúk', 'g', 157, 24, 0, 7, '', '', 'admin'),
(293, 'ingredient', 'Marha nyelv (nyers)', 'g', 229, 16, 0, 18, '', '', 'admin'),
(294, 'ingredient', 'Liba (nyers)', 'g', 392, 16, 0, 35, '', '', 'admin'),
(295, 'ingredient', 'Fürj (nyers)', 'g', 192, 20, 0, 12, '', '', 'admin'),
(296, 'ingredient', 'Vadnyúl (nyers)', 'g', 106, 23, 1, 1, '', '', 'admin'),
(297, 'ingredient', 'Békacomb', 'g', 119, 24, 3, 1, '', '', 'admin'),
(298, 'ingredient', 'Marha tarja (nyers)', 'g', 140, 20, 1, 6, '', '', 'admin'),
(299, 'ingredient', 'Lóhús (nyers)', 'g', 113, 22, 1, 3, '', '', 'admin'),
(300, 'ingredient', 'Sertés tüdő (nyers)', 'g', 112, 20, 1, 3, '', '', 'admin'),
(301, 'ingredient', 'Hízott libahús', 'g', 380, 16, 0, 35, '', '', 'admin'),
(302, 'ingredient', 'Marha szegy (nyers)', 'g', 263, 16, 1, 21, '', '', 'admin'),
(303, 'ingredient', 'Galamb (nyers)', 'g', 130, 20, 1, 5, '', '', 'admin'),
(304, 'ingredient', 'Éti csiga', 'g', 82, 18, 0, 1, '', '', 'admin'),
(305, 'ingredient', 'Marha szív (nyers)', 'g', 189, 16, 0, 13, '', '', 'admin'),
(306, 'ingredient', 'Fürj mell (nyers)', 'g', 119, 23, 1, 2, '', '', 'admin'),
(307, 'ingredient', 'Strucc (nyers)', 'g', 163, 21, 0, 9, '', '', 'admin'),
(308, 'ingredient', 'Fürjcomb (nyers)', 'g', 132, 20, 1, 5, '', '', 'admin'),
(309, 'ingredient', 'Marha vese (nyers)', 'g', 142, 1, 0, 8, '', '', 'admin'),
(310, 'ingredient', 'Libapecsenye (nyers)', 'g', 203, 19, 0, 14, '', '', 'admin'),
(311, 'ingredient', 'Sertés lép (nyers)', 'g', 127, 22, 0, 4, '', '', 'admin'),
(312, 'ingredient', 'Marha fejhús (nyers)', 'g', 210, 8, 0, 15, '', '', 'admin'),
(313, 'ingredient', 'Marha tüdő (nyers)', 'g', 112, 20, 1, 3, '', '', 'admin'),
(314, 'ingredient', 'Marha lép (nyers)', 'g', 128, 22, 0, 4, '', '', 'admin'),
(315, 'ingredient', 'Borjú tüdő (nyers)', 'g', 112, 20, 1, 3, '', '', 'admin'),
(316, 'ingredient', 'Borjú szív (nyers)', 'g', 189, 16, 0, 13, '', '', 'admin'),
(317, 'ingredient', 'Tengeri moszat (nyers)', 'g', 26, 1, 7, 0, '', '', 'admin'),
(318, 'ingredient', 'Borjú nyelv (nyers)', 'g', 229, 16, 0, 18, '', '', 'admin'),
(319, 'ingredient', 'Juhhús (kövér)', 'g', 303, 16, 0, 26, '', '', 'admin'),
(320, 'ingredient', 'Fogoly (nyers)', 'g', 98, 21, 0, 1, '', '', 'admin'),
(321, 'ingredient', 'Tengeri csiga (nyers)', 'g', 137, 24, 8, 0, '', '', 'admin'),
(322, 'ingredient', 'Nutria hús (nyers)', 'g', 185, 21, 1, 11, '', '', 'admin'),
(323, 'ingredient', 'Tejeskávé két cukorral', 'g', 35, 1, 6, 1, '', '', 'admin'),
(324, 'ingredient', 'Kávé (általános)', 'g', 0, 0, 0, 0, '', '', 'admin'),
(325, 'ingredient', 'Világos sör', 'g', 44, 0, 4, 0, '', '', 'admin'),
(326, 'ingredient', 'Coca-Cola', 'g', 45, 0, 11, 0, '', '', 'admin'),
(327, 'ingredient', 'Száraz vörösbor', 'g', 68, 0, 0, 0, '', '', 'admin'),
(328, 'ingredient', 'Hell energiaital', 'g', 46, 0, 11, 0, '', '', 'admin'),
(329, 'ingredient', 'Házi pálinka', 'g', 224, 0, 0, 0, '', '', 'admin'),
(330, 'ingredient', 'Narancslé (100%) ', 'g', 44, 1, 11, 0, '', '', 'admin'),
(331, 'ingredient', 'Coca-cola (zero)', 'g', 0, 0, 0, 0, '', '', 'admin'),
(332, 'ingredient', 'Tea', 'g', 0, 0, 0, 0, '', '', 'admin'),
(333, 'ingredient', 'Pepsi Cola (eredeti)', 'g', 43, 0, 11, 0, '', '', 'admin'),
(334, 'ingredient', 'Víz (általános)', 'g', 0, 0, 0, 0, '', '', 'admin'),
(335, 'ingredient', 'Félszáraz fehérbor', 'g', 80, 0, 0, 0, '', '', 'admin'),
(336, 'ingredient', 'Almalé (100%)', 'g', 46, 0, 12, 0, '', '', 'admin'),
(337, 'ingredient', 'Latte macchiato', 'g', 60, 0, 9, 1, '', '', 'admin'),
(338, 'ingredient', 'Coca-Cola light ', 'g', 0, 0, 0, 0, '', '', 'admin'),
(339, 'ingredient', 'Vodka', 'g', 224, 0, 0, 0, '', '', 'admin'),
(340, 'ingredient', 'Félédes fehérbor', 'g', 84, 0, 2, 0, '', '', 'admin'),
(341, 'ingredient', 'Paradicsomlé', 'g', 19, 1, 3, 0, '', '', 'admin'),
(342, 'ingredient', 'Fanta narancs', 'g', 28, 0, 7, 0, '', '', 'admin'),
(343, 'ingredient', 'Citromlé', 'g', 19, 0, 1, 0, '', '', 'admin'),
(344, 'ingredient', 'Félédes vörösbor', 'g', 72, 0, 2, 0, '', '', 'admin'),
(345, 'ingredient', 'Pezsgő (édes) ', 'g', 84, 0, 5, 0, '', '', 'admin'),
(346, 'ingredient', 'Rizstej', 'g', 63, 0, 13, 1, '', '', 'admin'),
(347, 'ingredient', 'Pezsgő (száraz) ', 'g', 65, 0, 1, 0, '', '', 'admin'),
(348, 'ingredient', 'Grapefruit lé', 'g', 39, 1, 9, 0, '', '', 'admin'),
(349, 'ingredient', 'Forró csoki', 'g', 93, 0, 0, 4, '', '', 'admin'),
(350, 'ingredient', 'Unicum', 'g', 310, 0, 18, 0, '', '', 'admin'),
(351, 'ingredient', 'Rostos őszibaracklé', 'g', 55, 0, 13, 0, '', '', 'admin'),
(352, 'ingredient', 'Ásványvíz', 'g', 0, 0, 0, 0, '', '', 'admin'),
(353, 'ingredient', 'Whisky', 'g', 238, 0, 0, 0, '', '', 'admin'),
(354, 'ingredient', 'Burn energiaital', 'g', 61, 0, 11, 0, '', '', 'admin'),
(355, 'ingredient', 'Édes fehérbor', 'g', 94, 0, 2, 0, '', '', 'admin'),
(356, 'ingredient', 'Bomba energiaital', 'g', 51, 0, 11, 0, '', '', 'admin'),
(357, 'ingredient', 'Barna sör', 'g', 66, 0, 4, 0, '', '', 'admin'),
(358, 'ingredient', 'Almalé', 'g', 43, 0, 10, 0, '', '', 'admin'),
(359, 'ingredient', 'Citromos sör', 'g', 40, 0, 0, 0, '', '', 'admin'),
(360, 'ingredient', 'Forralt bor', 'g', 82, 0, 7, 0, '', '', 'admin'),
(361, 'ingredient', 'Alkoholmentes sör', 'g', 26, 0, 5, 0, '', '', 'admin'),
(362, 'ingredient', 'Cappy multivitamin', 'g', 28, 0, 7, 0, '', '', 'admin'),
(363, 'ingredient', 'Sprite', 'g', 9, 0, 2, 0, '', '', 'admin'),
(364, 'ingredient', 'Ananászlé (100%) ', 'g', 50, 0, 12, 0, '', '', 'admin'),
(365, 'ingredient', 'Szilvapálinka', 'g', 264, 0, 0, 0, '', '', 'admin'),
(366, 'ingredient', 'Gyomorkeserű', 'g', 250, 0, 0, 0, '', '', 'admin'),
(367, 'ingredient', 'Mandulatej', 'g', 24, 1, 3, 2, '', '', 'admin'),
(368, 'ingredient', 'Búza sör', 'g', 40, 0, 5, 0, '', '', 'admin'),
(369, 'ingredient', 'Baileys', 'g', 327, 3, 25, 13, '', '', 'admin'),
(370, 'ingredient', 'Multivitamin gyümölcslé (100%)', 'g', 40, 0, 9, 0, '', '', 'admin'),
(371, 'ingredient', 'Ice tea', 'g', 28, 0, 7, 0, '', '', 'admin'),
(372, 'ingredient', 'Watt energiaital', 'g', 50, 0, 11, 0, '', '', 'admin'),
(373, 'ingredient', 'Tonik ', 'g', 45, 0, 10, 0, '', '', 'admin'),
(374, 'ingredient', 'Gin', 'g', 252, 0, 0, 0, '', '', 'admin'),
(375, 'ingredient', 'Tokaji aszú', 'g', 96, 0, 20, 0, '', '', 'admin'),
(376, 'ingredient', 'Ouzo', 'g', 260, 0, 0, 0, '', '', 'admin'),
(377, 'ingredient', 'Pezsgő (extra száraz) ', 'g', 69, 0, 1, 0, '', '', 'admin'),
(378, 'ingredient', 'Campari', 'g', 122, 0, 0, 0, '', '', 'admin'),
(379, 'ingredient', 'Tokaji szamorodni (száraz)', 'g', 78, 0, 0, 0, '', '', 'admin'),
(380, 'ingredient', 'Sütőrum', 'g', 141, 0, 0, 0, '', '', 'admin'),
(381, 'ingredient', 'Triple sec', 'g', 366, 0, 40, 0, '', '', 'admin'),
(382, 'ingredient', 'Pezsgő (abszolút száraz) ', 'g', 65, 0, 1, 0, '', '', 'admin'),
(383, 'ingredient', 'Cinzano (száraz)', 'g', 122, 0, 5, 0, '', '', 'admin'),
(384, 'ingredient', 'Grog', 'g', 277, 1, 20, 0, '', '', 'admin'),
(385, 'ingredient', 'Kukorica szirup', 'g', 283, 0, 77, 0, '', '', 'admin'),
(386, 'ingredient', 'Rántott csirkemell', 'g', 210, 20, 12, 9, '', '', 'admin'),
(387, 'ingredient', 'Grillezett csirkemell', 'g', 121, 24, 0, 2, '', '', 'admin'),
(388, 'ingredient', 'Sült csirkecomb (bőr nélkül)', 'g', 164, 24, 0, 8, '', '', 'admin'),
(389, 'ingredient', 'Natúr szelet', 'g', 186, 22, 2, 10, '', '', 'admin'),
(390, 'ingredient', 'Sült csirkecomb (bőrrel)', 'g', 232, 23, 0, 15, '', '', 'admin'),
(391, 'ingredient', 'Pizza (általános)', 'g', 226, 10, 27, 8, '', '', 'admin'),
(392, 'ingredient', 'Natúr csirkemell filé', 'g', 122, 25, 1, 2, '', '', 'admin'),
(393, 'ingredient', 'Sült csirkemellfilé (kevés olajon)', 'g', 187, 33, 1, 5, '', '', 'admin'),
(394, 'ingredient', 'Bolognai spagetti', 'g', 174, 4, 6, 14, '', '', 'admin'),
(395, 'ingredient', 'Sült sertéshús', 'g', 192, 26, 0, 9, '', '', 'admin'),
(396, 'ingredient', 'Rántott sajt', 'g', 400, 22, 13, 28, '', '', 'admin'),
(397, 'ingredient', 'Rakott krumpli', 'g', 153, 5, 11, 10, '', '', 'admin'),
(398, 'ingredient', 'Sült kolbász', 'g', 280, 16, 0, 27, '', '', 'admin'),
(399, 'ingredient', 'Melegszendvics', 'g', 272, 10, 27, 8, '', '', 'admin'),
(400, 'ingredient', 'Töltött káposzta', 'g', 144, 7, 7, 9, '', '', 'admin'),
(401, 'ingredient', 'Főtt kukorica', 'g', 96, 3, 21, 2, '', '', 'admin'),
(402, 'ingredient', 'Pörkölt', 'g', 136, 15, 3, 7, '', '', 'admin'),
(403, 'ingredient', 'Sült tarja', 'g', 157, 20, 4, 6, '', '', 'admin'),
(404, 'ingredient', 'Lecsó', 'g', 97, 3, 4, 8, '', '', 'admin'),
(405, 'ingredient', 'Spenótfőzelék', 'g', 69, 3, 4, 4, '', '', 'admin'),
(406, 'ingredient', 'Sült oldalas', 'g', 267, 15, 3, 22, '', '', 'admin'),
(407, 'ingredient', 'Bundás kenyér', 'g', 305, 9, 37, 14, '', '', 'admin'),
(408, 'ingredient', 'Sajtos-tejfölös lángos', 'g', 352, 9, 24, 24, '', '', 'admin'),
(409, 'ingredient', 'Tökfőzelék', 'g', 71, 2, 6, 4, '', '', 'admin'),
(410, 'ingredient', 'Borsófőzelék', 'g', 85, 4, 8, 3, '', '', 'admin'),
(411, 'ingredient', 'Gyros pitában', 'g', 138, 9, 15, 4, '', '', 'admin'),
(412, 'ingredient', 'Zabkása', 'g', 121, 3, 23, 1, '', '', 'admin'),
(413, 'ingredient', 'Gyros tál hasábburgonyával', 'g', 165, 9, 14, 8, '', '', 'admin'),
(414, 'ingredient', 'Rántott csirkecomb', 'g', 227, 17, 12, 12, '', '', 'admin'),
(415, 'ingredient', 'Paprikás krumpli', 'g', 123, 2, 13, 6, '', '', 'admin'),
(416, 'ingredient', 'Sült karaj', 'g', 157, 20, 4, 6, '', '', 'admin'),
(417, 'ingredient', 'Lencsefőzelék', 'g', 114, 7, 15, 2, '', '', 'admin'),
(418, 'ingredient', 'Zöldbabfőzelék', 'g', 55, 1, 5, 3, '', '', 'admin'),
(419, 'ingredient', 'Rántott karfiol', 'g', 152, 4, 15, 8, '', '', 'admin'),
(420, 'ingredient', 'Rántott gomba', 'g', 159, 7, 14, 8, '', '', 'admin'),
(421, 'ingredient', 'Krumplifőzelék', 'g', 73, 1, 10, 3, '', '', 'admin'),
(422, 'ingredient', 'Makaróni (készétel)', 'g', 174, 4, 6, 14, '', '', 'admin'),
(423, 'ingredient', 'Rizseshús', 'g', 178, 8, 23, 6, '', '', 'admin'),
(424, 'ingredient', 'Vajas pirítós', 'g', 328, 9, 46, 13, '', '', 'admin'),
(425, 'ingredient', 'Fehér rizs (főtt)', 'g', 130, 3, 28, 0, '', '', 'admin'),
(426, 'ingredient', 'Főtt tészta (köret)', 'g', 158, 6, 31, 1, '', '', 'admin'),
(427, 'ingredient', 'Főtt burgonya', 'g', 77, 2, 17, 0, '', '', 'admin'),
(428, 'ingredient', 'Hasábburgonya (köret)', 'g', 292, 4, 37, 15, '', '', 'admin'),
(429, 'ingredient', 'Párolt zöldség (köret)', 'g', 34, 2, 6, 0, '', '', 'admin'),
(430, 'ingredient', 'Káposztasaláta', 'g', 33, 1, 6, 0, '', '', 'admin'),
(431, 'ingredient', 'Főtt bulgur', 'g', 83, 3, 19, 0, '', '', 'admin'),
(432, 'ingredient', 'Mustár', 'g', 105, 6, 6, 6, '', '', 'admin'),
(433, 'ingredient', 'Burgonyapüré (köret)', 'g', 95, 2, 17, 3, '', '', 'admin'),
(434, 'ingredient', 'Kovászos uborka', 'g', 19, 2, 3, 0, '', '', 'admin'),
(435, 'ingredient', 'Majonéz (bolti)', 'g', 636, 1, 5, 68, '', '', 'admin'),
(436, 'ingredient', 'Nokedli (köret)', 'g', 160, 5, 30, 2, '', '', 'admin'),
(437, 'ingredient', 'Ketchup', 'g', 100, 2, 24, 0, '', '', 'admin'),
(438, 'ingredient', 'Főtt barna rizs', 'g', 111, 3, 23, 1, '', '', 'admin'),
(439, 'ingredient', 'Görög saláta', 'g', 72, 3, 3, 5, '', '', 'admin'),
(440, 'ingredient', 'Petrezselymes burgonya (köret)', 'g', 110, 3, 19, 3, '', '', 'admin'),
(441, 'ingredient', 'Párolt rizs', 'g', 115, 3, 26, 0, '', '', 'admin'),
(442, 'ingredient', 'Basmati rizs (nyers)', 'g', 350, 8, 77, 1, '', '', 'admin'),
(443, 'ingredient', 'McDonalds hasábburgonya (Mekis sültkrumpli)', 'g', 299, 4, 37, 15, '', '', 'admin'),
(444, 'ingredient', 'Főtt tarhonya (köret)', 'g', 172, 3, 19, 9, '', '', 'admin'),
(445, 'ingredient', 'Franciasaláta', 'g', 155, 3, 7, 13, '', '', 'admin'),
(446, 'ingredient', 'Rizi-bizi (köret)', 'g', 116, 3, 18, 3, '', '', 'admin'),
(447, 'ingredient', 'Főtt kuszkusz', 'g', 112, 4, 23, 0, '', '', 'admin'),
(448, 'ingredient', 'Durum tészta (főtt)', 'g', 158, 6, 31, 1, '', '', 'admin'),
(449, 'ingredient', 'Kukoricás rizs (köret)', 'g', 160, 4, 24, 5, '', '', 'admin'),
(450, 'ingredient', 'Tejfölös uborkasaláta', 'g', 42, 1, 5, 2, '', '', 'admin'),
(451, 'ingredient', 'Tartármártás (köret)', 'g', 362, 3, 4, 37, '', '', 'admin'),
(452, 'ingredient', 'Tavaszi saláta (köret)', 'g', 35, 2, 5, 1, '', '', 'admin'),
(453, 'ingredient', 'Zöldséges rizs', 'g', 104, 4, 21, 1, '', '', 'admin'),
(454, 'ingredient', 'Cézár saláta', 'g', 115, 12, 8, 4, '', '', 'admin'),
(455, 'ingredient', 'Majonézes krumplisaláta', 'g', 175, 2, 14, 13, '', '', 'admin'),
(456, 'ingredient', 'Steak burgonya (köret)', 'g', 221, 4, 30, 10, '', '', 'admin'),
(457, 'ingredient', 'Majonézes kukoricasaláta', 'g', 181, 3, 13, 14, '', '', 'admin'),
(458, 'ingredient', 'Hasábburgonya (sütőben sütve)', 'g', 199, 3, 32, 7, '', '', 'admin'),
(459, 'ingredient', 'Párolt káposzta', 'g', 31, 2, 6, 0, '', '', 'admin'),
(460, 'ingredient', 'Édesburgonya (főtt)', 'g', 76, 1, 18, 0, '', '', 'admin'),
(461, 'ingredient', 'Bolognai mártás', 'g', 127, 12, 5, 5, '', '', 'admin'),
(462, 'ingredient', 'Light majonéz', 'g', 280, 1, 9, 24, '', '', 'admin'),
(463, 'ingredient', 'Burgonya krokett', 'g', 160, 4, 18, 8, '', '', 'admin'),
(464, 'ingredient', 'Paradicsomszósz', 'g', 56, 1, 6, 3, '', '', 'admin'),
(465, 'ingredient', 'Tzatziki saláta', 'g', 66, 3, 4, 4, '', '', 'admin'),
(466, 'ingredient', 'Céklasaláta', 'g', 65, 1, 7, 3, '', '', 'admin'),
(467, 'ingredient', 'Tócsni', 'g', 190, 3, 18, 12, '', '', 'admin'),
(468, 'ingredient', 'Ecetes torma', 'g', 90, 3, 14, 3, '', '', 'admin'),
(469, 'ingredient', 'Főtt hajdina', 'g', 92, 3, 20, 0, '', '', 'admin'),
(470, 'ingredient', 'Rizstészta (főtt)', 'g', 94, 2, 21, 0, '', '', 'admin'),
(471, 'ingredient', 'Ezersziget salátaöntet', 'g', 175, 1, 14, 13, '', '', 'admin'),
(472, 'ingredient', 'Héjában főtt burgonya (köret)', 'g', 77, 2, 17, 0, '', '', 'admin'),
(473, 'ingredient', 'Vadasszósz', 'g', 86, 2, 6, 5, '', '', 'admin'),
(474, 'ingredient', 'Tonhalsaláta', 'g', 88, 12, 3, 3, '', '', 'admin'),
(475, 'ingredient', 'Levesgyöngy', 'g', 571, 9, 46, 40, '', '', 'admin'),
(476, 'ingredient', 'Pirított hagyma', 'g', 332, 4, 6, 19, '', '', 'admin'),
(477, 'ingredient', 'Zsemlegombóc vadashoz', 'g', 196, 7, 37, 2, '', '', 'admin'),
(478, 'ingredient', 'Gyümölcsszósz', 'g', 88, 1, 13, 3, '', '', 'admin'),
(479, 'ingredient', 'Tojássaláta', 'g', 250, 5, 5, 23, '', '', 'admin'),
(480, 'ingredient', 'Cézár salátaöntet', 'g', 261, 2, 6, 27, '', '', 'admin'),
(481, 'ingredient', 'Dijoni mustár', 'g', 105, 6, 6, 6, '', '', 'admin'),
(482, 'ingredient', 'Milánói mártás', 'g', 60, 0, 0, 1, '', '', 'admin'),
(483, 'ingredient', 'Húsleves tésztával', 'g', 46, 4, 5, 1, '', '', 'admin'),
(484, 'ingredient', 'Húsleves tészta nélkül', 'g', 34, 4, 2, 1, '', '', 'admin'),
(485, 'ingredient', 'Zöldségleves', 'g', 48, 1, 6, 2, '', '', 'admin'),
(486, 'ingredient', 'Gulyásleves sertéshúsból', 'g', 89, 7, 7, 4, '', '', 'admin'),
(487, 'ingredient', 'Zöldborsóleves', 'g', 66, 2, 9, 2, '', '', 'admin'),
(488, 'ingredient', 'Bableves', 'g', 96, 7, 9, 4, '', '', 'admin'),
(489, 'ingredient', 'Paradicsomleves', 'g', 38, 1, 9, 0, '', '', 'admin'),
(490, 'ingredient', 'Gyümölcsleves', 'g', 61, 1, 11, 2, '', '', 'admin'),
(491, 'ingredient', 'Frankfurti leves', 'g', 77, 2, 2, 7, '', '', 'admin'),
(492, 'ingredient', 'Tejszínes tárkonyos csirkeraguleves', 'g', 45, 3, 4, 2, '', '', 'admin'),
(493, 'ingredient', 'Karfiolleves', 'g', 24, 1, 2, 1, '', '', 'admin'),
(494, 'ingredient', 'Tejszínes brokkolikrémleves', 'g', 36, 2, 4, 1, '', '', 'admin'),
(495, 'ingredient', 'Tojásleves', 'g', 46, 2, 2, 3, '', '', 'admin'),
(496, 'ingredient', 'Zöldbableves', 'g', 60, 0, 0, 0, '', '', 'admin'),
(497, 'ingredient', 'Lencseleves', 'g', 75, 3, 9, 1, '', '', 'admin'),
(498, 'ingredient', 'Zellerkrémleves', 'g', 72, 1, 4, 6, '', '', 'admin'),
(499, 'ingredient', 'Tárkonyos csirkeraguleves', 'g', 50, 6, 3, 1, '', '', 'admin'),
(500, 'ingredient', 'Burgonyaleves', 'g', 78, 2, 11, 3, '', '', 'admin'),
(501, 'ingredient', 'Palócleves', 'g', 98, 4, 4, 7, '', '', 'admin'),
(502, 'ingredient', 'Minestrone leves', 'g', 35, 2, 6, 0, '', '', 'admin'),
(503, 'ingredient', 'Lebbencsleves', 'g', 51, 1, 5, 3, '', '', 'admin'),
(504, 'ingredient', 'Májgaluskaleves', 'g', 48, 13, 12, 11, '', '', 'admin'),
(505, 'ingredient', 'Csontleves cérnametélttel', 'g', 32, 2, 6, 0, '', '', 'admin'),
(506, 'ingredient', 'Húsgombócleves', 'g', 50, 3, 4, 2, '', '', 'admin'),
(507, 'ingredient', 'Sütőtök krémleves', 'g', 45, 1, 9, 0, '', '', 'admin'),
(508, 'ingredient', 'Fokhagymakrémleves', 'g', 121, 3, 8, 8, '', '', 'admin'),
(509, 'ingredient', 'Hagymaleves', 'g', 56, 3, 6, 2, '', '', 'admin'),
(510, 'ingredient', 'Grízgombóc leves', 'g', 75, 2, 15, 0, '', '', 'admin'),
(511, 'ingredient', 'Meggyleves', 'g', 264, 0, 0, 0, '', '', 'admin'),
(512, 'ingredient', 'Raguleves', 'g', 39, 4, 2, 2, '', '', 'admin'),
(513, 'ingredient', 'Káposztaleves', 'g', 13, 1, 2, 0, '', '', 'admin'),
(514, 'ingredient', 'Száraztészta (2 tojásos)', 'g', 389, 14, 75, 3, '', '', 'admin'),
(515, 'ingredient', 'Erőleves', 'g', 19, 0, 0, 2, '', '', 'admin'),
(516, 'ingredient', 'Száraztészta (4 tojásos)', 'g', 392, 15, 73, 3, '', '', 'admin'),
(517, 'ingredient', 'Tarhonya (nyers)', 'g', 406, 11, 60, 12, '', '', 'admin'),
(518, 'ingredient', 'Száraztészta (8 tojásos)', 'g', 400, 17, 69, 5, '', '', 'admin'),
(519, 'ingredient', 'Vaj', 'g', 717, 1, 0, 81, '', '', 'admin'),
(520, 'ingredient', 'Olívaolaj', 'g', 884, 0, 0, 100, '', '', 'admin'),
(521, 'ingredient', 'Napraforgó étolaj', 'g', 884, 0, 0, 100, '', '', 'admin'),
(522, 'ingredient', 'Margarin', 'g', 737, 1, 0, 79, '', '', 'admin'),
(523, 'ingredient', 'Sült szalonna', 'g', 556, 36, 1, 43, '', '', 'admin'),
(524, 'ingredient', 'Zsír (általános)', 'g', 928, 0, 0, 100, '', '', 'admin'),
(525, 'ingredient', 'Kókuszolaj', 'g', 862, 0, 0, 100, '', '', 'admin'),
(526, 'ingredient', 'Vajkrém', 'g', 390, 3, 2, 40, '', '', 'admin'),
(527, 'ingredient', 'Bords Eve margarin (natúr)', 'g', 541, 0, 0, 60, '', '', 'admin'),
(528, 'ingredient', 'Füstölt szalonna', 'g', 716, 9, 0, 73, '', '', 'admin'),
(529, 'ingredient', 'Kacsazsír', 'g', 882, 0, 0, 100, '', '', 'admin'),
(530, 'ingredient', 'Delma light margarin', 'g', 180, 0, 0, 20, '', '', 'admin'),
(531, 'ingredient', 'Tökmagolaj', 'g', 900, 0, 0, 100, '', '', 'admin'),
(532, 'ingredient', 'Rama margarin', 'g', 631, 1, 1, 70, '', '', 'admin'),
(533, 'ingredient', 'Kolozsvári szalonna', 'g', 642, 18, 0, 61, '', '', 'admin'),
(534, 'ingredient', 'Szalonna', 'g', 813, 3, 0, 86, '', '', 'admin'),
(535, 'ingredient', 'Angol szalonna', 'g', 501, 17, 0, 47, '', '', 'admin'),
(536, 'ingredient', 'Margarin light', 'g', 350, 0, 0, 40, '', '', 'admin'),
(537, 'ingredient', 'Lenmagolaj', 'g', 884, 0, 0, 100, '', '', 'admin'),
(538, 'ingredient', 'Libazsír', 'g', 921, 1, 0, 99, '', '', 'admin'),
(539, 'ingredient', 'Csécsi szalonna', 'g', 811, 3, 0, 86, '', '', 'admin'),
(540, 'ingredient', 'Szezámolaj', 'g', 884, 0, 0, 100, '', '', 'admin'),
(541, 'ingredient', 'Halolaj', 'g', 901, 0, 0, 100, '', '', 'admin'),
(542, 'ingredient', 'Repceolaj', 'g', 884, 0, 0, 100, '', '', 'admin'),
(543, 'ingredient', 'Szőlőmag olaj', 'g', 884, 0, 0, 100, '', '', 'admin'),
(544, 'ingredient', 'Avokádó olaj', 'g', 884, 0, 0, 100, '', '', 'admin'),
(545, 'ingredient', 'Csirke zsír', 'g', 900, 0, 0, 100, '', '', 'admin'),
(546, 'ingredient', 'Földimogyoró olaj', 'g', 884, 0, 0, 100, '', '', 'admin'),
(547, 'ingredient', 'Dió olaj', 'g', 884, 0, 0, 100, '', '', 'admin'),
(548, 'ingredient', 'Kukoricacsíra olaj', 'g', 884, 0, 0, 100, '', '', 'admin'),
(549, 'ingredient', 'Szójalecitin', 'g', 763, 0, 0, 100, '', '', 'admin'),
(550, 'ingredient', 'Kakaóvaj', 'g', 884, 0, 0, 100, '', '', 'admin'),
(551, 'ingredient', 'Pálmaolaj', 'g', 884, 0, 0, 100, '', '', 'admin'),
(552, 'ingredient', 'Birka faggyú', 'g', 902, 0, 0, 100, '', '', 'admin'),
(553, 'ingredient', 'Szójaolaj', 'g', 884, 0, 0, 100, '', '', 'admin'),
(554, 'ingredient', 'Mák olaj', 'g', 884, 0, 0, 100, '', '', 'admin'),
(555, 'ingredient', 'Szezám olaj', 'g', 884, 0, 0, 100, '', '', 'admin'),
(556, 'ingredient', 'Pulykazsír', 'g', 900, 0, 0, 100, '', '', 'admin'),
(557, 'ingredient', 'Mandula olaj', 'g', 884, 0, 0, 100, '', '', 'admin'),
(558, 'ingredient', 'Búzacsíra olaj', 'g', 884, 0, 0, 100, '', '', 'admin'),
(559, 'ingredient', 'Sárgabarack mag olaj', 'g', 884, 0, 0, 100, '', '', 'admin'),
(560, 'ingredient', 'Rizs olaj', 'g', 884, 0, 0, 100, '', '', 'admin'),
(561, 'ingredient', 'Mustármag olaj', 'g', 884, 0, 0, 100, '', '', 'admin'),
(562, 'ingredient', 'Fehér kenyér', 'g', 270, 8, 52, 3, '', '', 'admin'),
(563, 'ingredient', 'Zsemle', 'g', 275, 9, 57, 1, '', '', 'admin'),
(564, 'ingredient', 'Kifli', 'g', 263, 8, 69, 2, '', '', 'admin'),
(565, 'ingredient', 'Teljes kiőrlésű kenyér', 'g', 250, 10, 46, 4, '', '', 'admin'),
(566, 'ingredient', 'Méz', 'g', 326, 0, 81, 0, '', '', 'admin'),
(567, 'ingredient', 'Kristálycukor', 'g', 400, 0, 100, 0, '', '', 'admin'),
(568, 'ingredient', 'Abonett kenyér', 'g', 396, 14, 72, 3, '', '', 'admin'),
(569, 'ingredient', 'Félbarna kenyér', 'g', 246, 10, 48, 1, '', '', 'admin'),
(570, 'ingredient', 'Rozs kenyér', 'g', 261, 8, 54, 1, '', '', 'admin'),
(571, 'ingredient', 'Pirítós', 'g', 269, 8, 52, 3, '', '', 'admin'),
(572, 'ingredient', 'Sajtos pogácsa', 'g', 459, 22, 40, 22, '', '', 'admin'),
(573, 'ingredient', 'Túró rudi', 'g', 352, 10, 39, 17, '', '', 'admin'),
(574, 'ingredient', 'Teljes kiőrlésű zsemle', 'g', 250, 10, 46, 4, '', '', 'admin'),
(575, 'ingredient', 'Abonett classic extrudált kenyér (rozsos)', 'g', 346, 9, 65, 3, '', '', 'admin'),
(576, 'ingredient', 'Fonott kalács', 'g', 285, 9, 55, 2, '', '', 'admin'),
(577, 'ingredient', 'Császárzsemle', 'g', 336, 10, 53, 8, '', '', 'admin'),
(578, 'ingredient', 'Toast kenyér', 'g', 231, 7, 44, 2, '', '', 'admin'),
(579, 'ingredient', 'Nutella ', 'g', 539, 6, 58, 31, '', '', 'admin'),
(580, 'ingredient', 'Nesquik kakaópor', 'g', 386, 5, 79, 4, '', '', 'admin'),
(581, 'ingredient', 'Lekváros palacsinta', 'g', 274, 4, 39, 11, '', '', 'admin'),
(582, 'ingredient', 'Csoki', 'g', 587, 8, 52, 37, '', '', 'admin'),
(583, 'ingredient', 'Sokmagvas kenyér', 'g', 263, 9, 33, 3, '', '', 'admin'),
(584, 'ingredient', 'Kakaós csiga', 'g', 444, 7, 58, 20, '', '', 'admin'),
(585, 'ingredient', 'Toast kenyér (teljes kiörlésű)', 'g', 274, 8, 47, 4, '', '', 'admin'),
(586, 'ingredient', 'Sajtos kifli', 'g', 321, 13, 48, 7, '', '', 'admin'),
(587, 'ingredient', 'Teljes kiörlésű rozskenyér', 'g', 193, 5, 36, 1, '', '', 'admin'),
(588, 'ingredient', 'Korpás zsemle', 'g', 228, 9, 46, 2, '', '', 'admin'),
(589, 'ingredient', 'Virágméz', 'g', 326, 0, 81, 0, '', '', 'admin'),
(590, 'ingredient', 'Kakaós palacsinta', 'g', 264, 8, 25, 14, '', '', 'admin'),
(591, 'ingredient', 'Palacsinta (üres)', 'g', 192, 4, 19, 11, '', '', 'admin'),
(592, 'ingredient', 'Korpás keksz', 'g', 453, 14, 67, 13, '', '', 'admin'),
(593, 'ingredient', 'Teljes kiőrlésű kifli', 'g', 250, 10, 46, 4, '', '', 'admin'),
(594, 'ingredient', 'Almás pite', 'g', 320, 7, 36, 17, '', '', 'admin'),
(595, 'ingredient', 'Kinder tejszelet', 'g', 421, 8, 34, 28, '', '', 'admin'),
(596, 'ingredient', 'Túrós palacsinta', 'g', 258, 13, 35, 11, '', '', 'admin'),
(597, 'ingredient', 'Étcsokoládé ', 'g', 392, 12, 50, 16, '', '', 'admin'),
(598, 'ingredient', 'Müzli', 'g', 337, 10, 66, 4, '', '', 'admin'),
(599, 'ingredient', 'Milka csokoládé', 'g', 556, 8, 48, 37, '', '', 'admin'),
(600, 'ingredient', 'Bakonyi barna kenyér', 'g', 249, 9, 51, 1, '', '', 'admin'),
(601, 'ingredient', 'Raffaello', 'g', 628, 7, 38, 49, '', '', 'admin'),
(602, 'ingredient', 'Cerbona müzliszelet', 'g', 422, 7, 69, 14, '', '', 'admin'),
(603, 'ingredient', 'Ropi', 'g', 408, 12, 75, 6, '', '', 'admin'),
(604, 'ingredient', 'Tepertős pogácsa (általános)', 'g', 432, 8, 47, 22, '', '', 'admin'),
(605, 'ingredient', 'Kornspitz kifli', 'g', 238, 9, 44, 3, '', '', 'admin'),
(606, 'ingredient', 'Korpás kifli', 'g', 254, 9, 48, 2, '', '', 'admin'),
(607, 'ingredient', 'Sport szelet', 'g', 435, 4, 69, 15, '', '', 'admin'),
(608, 'ingredient', 'Merci csoki', 'g', 562, 7, 50, 36, '', '', 'admin'),
(609, 'ingredient', 'Chips', 'g', 525, 7, 50, 33, '', '', 'admin'),
(610, 'ingredient', 'Kinder Bueno', 'g', 572, 9, 50, 37, '', '', 'admin'),
(611, 'ingredient', 'Bagett', 'g', 246, 11, 48, 1, '', '', 'admin'),
(612, 'ingredient', 'Kinder Pingui', 'g', 446, 5, 42, 28, '', '', 'admin'),
(613, 'ingredient', 'Kakaópor', 'g', 228, 20, 58, 14, '', '', 'admin'),
(614, 'ingredient', 'Mogyoróvaj', 'g', 591, 23, 21, 45, '', '', 'admin'),
(615, 'ingredient', 'Kókuszgolyó', 'g', 217, 5, 39, 5, '', '', 'admin'),
(616, 'ingredient', 'Csokoládétorta', 'g', 365, 4, 55, 16, '', '', 'admin'),
(617, 'ingredient', 'Túrós rétes', 'g', 339, 12, 47, 10, '', '', 'admin'),
(618, 'ingredient', 'Sajtos stangli', 'g', 231, 5, 26, 12, '', '', 'admin'),
(619, 'ingredient', 'Tiramisu', 'g', 270, 6, 30, 14, '', '', 'admin'),
(620, 'ingredient', 'Fagyitölcsér', 'g', 378, 14, 70, 5, '', '', 'admin'),
(621, 'ingredient', 'Zserbó', 'g', 329, 11, 52, 10, '', '', 'admin'),
(622, 'ingredient', 'Nápolyi', 'g', 527, 7, 66, 25, '', '', 'admin'),
(623, 'ingredient', 'Krumplis pogácsa', 'g', 215, 5, 26, 10, '', '', 'admin'),
(624, 'ingredient', 'Túrós táska', 'g', 333, 12, 55, 6, '', '', 'admin'),
(625, 'ingredient', 'Kinder Maxi King', 'g', 521, 7, 38, 38, '', '', 'admin'),
(626, 'ingredient', 'Francia krémes', 'g', 220, 1, 28, 10, '', '', 'admin'),
(627, 'ingredient', 'Slimmm toast kenyér', 'g', 211, 11, 34, 1, '', '', 'admin'),
(628, 'ingredient', 'Ferrero Rocher', 'g', 603, 8, 44, 43, '', '', 'admin'),
(629, 'ingredient', 'Zsíros kenyér', 'g', 352, 7, 46, 15, '', '', 'admin'),
(630, 'ingredient', 'Csokis muffin', 'g', 372, 7, 38, 21, '', '', 'admin'),
(631, 'ingredient', 'Sajtos rúd', 'g', 516, 12, 35, 35, '', '', 'admin'),
(632, 'ingredient', 'Mézeskalács', 'g', 320, 3, 74, 2, '', '', 'admin'),
(633, 'ingredient', 'Kakaós kalács', 'g', 318, 11, 49, 8, '', '', 'admin'),
(634, 'ingredient', 'Isler', 'g', 417, 5, 54, 21, '', '', 'admin'),
(635, 'ingredient', 'Barnacukor', 'g', 380, 0, 98, 0, '', '', 'admin'),
(636, 'ingredient', 'Rozsos kifli', 'g', 261, 8, 54, 1, '', '', 'admin'),
(637, 'ingredient', 'Kifli (vajas)', 'g', 335, 10, 62, 4, '', '', 'admin'),
(638, 'ingredient', 'Snickers', 'g', 509, 9, 55, 28, '', '', 'admin'),
(639, 'ingredient', 'Linzer', 'g', 451, 8, 65, 16, '', '', 'admin'),
(640, 'ingredient', 'Somlói galuska', 'g', 197, 2, 29, 8, '', '', 'admin'),
(641, 'ingredient', 'Gumicukor', 'g', 342, 7, 77, 0, '', '', 'admin'),
(642, 'ingredient', 'Toffifee', 'g', 522, 6, 59, 29, '', '', 'admin'),
(643, 'ingredient', 'Cerbona müzliszelet (kakaós-mogyorós hozzáadott cukor nélkül)', 'g', 373, 7, 66, 14, '', '', 'admin'),
(644, 'ingredient', 'Szalagos fánk', 'g', 484, 8, 49, 28, '', '', 'admin'),
(645, 'ingredient', 'Bounty szelet (tejcsokoládés)', 'g', 487, 4, 60, 26, '', '', 'admin'),
(646, 'ingredient', 'Oreo keksz', 'g', 480, 5, 69, 20, '', '', 'admin'),
(647, 'ingredient', 'Pilóta keksz', 'g', 500, 6, 61, 25, '', '', 'admin'),
(648, 'ingredient', 'Korpás kenyér', 'g', 285, 9, 55, 2, '', '', 'admin'),
(649, 'ingredient', 'Csokis croissant', 'g', 453, 9, 48, 8, '', '', 'admin'),
(650, 'ingredient', 'Brownie', 'g', 325, 5, 43, 15, '', '', 'admin'),
(651, 'ingredient', 'Vanília puding', 'g', 117, 2, 20, 3, '', '', 'admin'),
(652, 'ingredient', 'Pizzás csiga', 'g', 500, 0, 0, 0, '', '', 'admin'),
(653, 'ingredient', 'Nádcukor', 'g', 387, 0, 95, 0, '', '', 'admin'),
(654, 'ingredient', 'Lekváros piskótatekercs', 'g', 316, 5, 43, 14, '', '', 'admin'),
(655, 'ingredient', 'Kuszkusz (száraz)', 'g', 376, 13, 77, 1, '', '', 'admin'),
(656, 'ingredient', 'Ceres Slimmm toast kenyér', 'g', 211, 11, 34, 1, '', '', 'admin'),
(657, 'ingredient', 'Vajas pogácsa', 'g', 434, 9, 50, 21, '', '', 'admin'),
(658, 'ingredient', 'Babapiskóta', 'g', 391, 10, 78, 4, '', '', 'admin'),
(659, 'ingredient', 'Sajtos tallér ', 'g', 423, 10, 39, 25, '', '', 'admin'),
(660, 'ingredient', 'Twix', 'g', 497, 4, 65, 24, '', '', 'admin'),
(661, 'ingredient', 'Graham kenyér', 'g', 272, 10, 54, 1, '', '', 'admin'),
(662, 'ingredient', 'Mákos beigli', 'g', 388, 8, 44, 18, '', '', 'admin'),
(663, 'ingredient', 'Pita', 'g', 242, 9, 47, 1, '', '', 'admin'),
(664, 'ingredient', 'Meggyes pite', 'g', 328, 5, 53, 10, '', '', 'admin'),
(665, 'ingredient', 'Gyümölcsös müzli', 'g', 436, 8, 65, 16, '', '', 'admin'),
(666, 'ingredient', 'Kürtőskalács', 'g', 274, 8, 44, 7, '', '', 'admin'),
(667, 'ingredient', 'Győri Édes Jó Reggelt! keksz', 'g', 445, 8, 65, 17, '', '', 'admin'),
(668, 'ingredient', 'Durum tészta', 'g', 375, 13, 77, 2, '', '', 'admin'),
(669, 'ingredient', 'Szaloncukor (zselés)', 'g', 333, 1, 65, 7, '', '', 'admin'),
(670, 'ingredient', 'Gyümölcstorta', 'g', 216, 4, 30, 9, '', '', 'admin'),
(671, 'ingredient', 'Gesztenyepüré', 'g', 209, 2, 48, 1, '', '', 'admin'),
(672, 'ingredient', 'Perec', 'g', 393, 11, 61, 11, '', '', 'admin'),
(673, 'ingredient', 'Sajtos croissant', 'g', 414, 9, 47, 21, '', '', 'admin'),
(674, 'ingredient', 'Mozart golyó', 'g', 535, 5, 34, 54, '', '', 'admin');
INSERT INTO `foodstuff` (`id`, `type`, `name`, `unit`, `calories`, `protein`, `carbohydrate`, `fat`, `description`, `img_path`, `uploaded_by`) VALUES
(675, 'ingredient', 'Vaníliás karika', 'g', 507, 7, 60, 27, '', '', 'admin'),
(676, 'ingredient', 'Sajttorta', 'g', 238, 11, 25, 11, '', '', 'admin'),
(677, 'ingredient', 'Krémes', 'g', 401, 7, 51, 17, '', '', 'admin'),
(678, 'ingredient', 'Diós beigli', 'g', 425, 8, 44, 23, '', '', 'admin'),
(679, 'ingredient', 'Almás rétes', 'g', 297, 2, 56, 6, '', '', 'admin'),
(680, 'ingredient', 'Hit keksz', 'g', 503, 6, 62, 25, '', '', 'admin'),
(681, 'ingredient', 'Gofri (üres)', 'g', 237, 5, 25, 12, '', '', 'admin'),
(682, 'ingredient', 'Croissant (sima)', 'g', 406, 8, 46, 21, '', '', 'admin'),
(683, 'ingredient', 'Lekváros bukta', 'g', 324, 8, 57, 6, '', '', 'admin'),
(684, 'ingredient', 'Kinder csokoládé', 'g', 554, 10, 52, 34, '', '', 'admin'),
(685, 'ingredient', 'Balaton szelet (étcsokis)', 'g', 504, 5, 57, 28, '', '', 'admin'),
(686, 'ingredient', 'Vollkorn toast kenyér', 'g', 231, 10, 43, 2, '', '', 'admin'),
(687, 'ingredient', 'Meggyes rétes', 'g', 397, 5, 44, 21, '', '', 'admin'),
(688, 'ingredient', 'Balaton szelet ', 'g', 506, 6, 59, 27, '', '', 'admin'),
(689, 'ingredient', 'Feketeerdő torta', 'g', 265, 3, 30, 12, '', '', 'admin'),
(690, 'ingredient', 'Norbi update1 kenyér', 'g', 233, 17, 26, 5, '', '', 'admin'),
(691, 'ingredient', 'Szőlőcukor', 'g', 368, 0, 91, 0, '', '', 'admin'),
(692, 'ingredient', 'Mákos rétes', 'g', 452, 10, 54, 21, '', '', 'admin'),
(693, 'ingredient', 'Piskóta (üres)', 'g', 329, 6, 37, 18, '', '', 'admin'),
(694, 'ingredient', 'Kinder schoko bons', 'g', 576, 8, 53, 37, '', '', 'admin'),
(695, 'ingredient', 'Mars', 'g', 448, 4, 60, 17, '', '', 'admin'),
(696, 'ingredient', 'Túrós pite', 'g', 292, 8, 30, 14, '', '', 'admin'),
(697, 'ingredient', 'Mignon', 'g', 286, 3, 54, 6, '', '', 'admin'),
(698, 'ingredient', 'Burgonyás kenyér', 'g', 259, 11, 50, 2, '', '', 'admin'),
(699, 'ingredient', 'Mézes puszedli', 'g', 387, 11, 54, 14, '', '', 'admin'),
(700, 'ingredient', 'Túrótorta', 'g', 194, 6, 31, 4, '', '', 'admin'),
(701, 'ingredient', 'Vaníliás cukor', 'g', 396, 0, 99, 0, '', '', 'admin'),
(702, 'ingredient', 'Muffin (sima)', 'g', 370, 6, 36, 21, '', '', 'admin'),
(703, 'ingredient', 'Kókusz kocka', 'g', 351, 5, 33, 20, '', '', 'admin'),
(704, 'ingredient', 'Oroszkrémtorta', 'g', 217, 3, 26, 10, '', '', 'admin'),
(705, 'ingredient', 'Kókusztekercs', 'g', 313, 7, 29, 19, '', '', 'admin'),
(706, 'ingredient', 'Túrós pogácsa', 'g', 440, 13, 39, 25, '', '', 'admin'),
(707, 'ingredient', 'Kuglóf', 'g', 338, 6, 37, 17, '', '', 'admin'),
(708, 'ingredient', 'Norbi update1 Dr. Schwarz kakaós csiga', 'g', 194, 16, 8, 10, '', '', 'admin'),
(709, 'ingredient', 'Csokoládé puding', 'g', 125, 2, 21, 4, '', '', 'admin'),
(710, 'ingredient', 'Dobos torta', 'g', 399, 9, 32, 26, '', '', 'admin'),
(711, 'ingredient', 'Bécsi fánk', 'g', 320, 5, 38, 16, '', '', 'admin'),
(712, 'ingredient', 'Aranygaluska', 'g', 371, 9, 43, 18, '', '', 'admin'),
(713, 'ingredient', 'Sajtos perec', 'g', 391, 14, 52, 13, '', '', 'admin'),
(714, 'ingredient', 'Sajtos roló', 'g', 309, 6, 21, 22, '', '', 'admin'),
(715, 'ingredient', 'Briós', 'g', 364, 10, 61, 8, '', '', 'admin'),
(716, 'ingredient', 'TUC keksz Original', 'g', 490, 7, 63, 22, '', '', 'admin'),
(717, 'ingredient', 'Rákóczi túrós', 'g', 317, 10, 35, 15, '', '', 'admin'),
(718, 'ingredient', 'Kétszersült', 'g', 414, 11, 80, 4, '', '', 'admin'),
(719, 'ingredient', 'After Eight', 'g', 424, 2, 74, 13, '', '', 'admin'),
(720, 'ingredient', 'Extrudált bio kölesgolyó', 'g', 350, 11, 63, 3, '', '', 'admin'),
(721, 'ingredient', 'Milka Wafelini', 'g', 520, 5, 64, 27, '', '', 'admin'),
(722, 'ingredient', 'Répatorta', 'g', 263, 9, 9, 6, '', '', 'admin'),
(723, 'ingredient', 'Rizsfelfújt (öntet nélkül)', 'g', 139, 4, 21, 4, '', '', 'admin'),
(724, 'ingredient', 'Sütőpor', 'g', 105, 0, 26, 0, '', '', 'admin'),
(725, 'ingredient', 'Virslis croissant', 'g', 242, 13, 14, 14, '', '', 'admin'),
(726, 'ingredient', 'Pro body kenyér', 'g', 285, 21, 6, 17, '', '', 'admin'),
(727, 'ingredient', 'Kukoricás kenyér', 'g', 243, 8, 50, 1, '', '', 'admin'),
(728, 'ingredient', 'Csokis müzli szelet', 'g', 390, 6, 65, 11, '', '', 'admin'),
(729, 'ingredient', 'Konyakos meggy', 'g', 422, 2, 61, 17, '', '', 'admin'),
(730, 'ingredient', 'Buci', 'g', 331, 8, 44, 13, '', '', 'admin'),
(731, 'ingredient', 'Máglyarakás', 'g', 166, 3, 26, 5, '', '', 'admin'),
(732, 'ingredient', 'Lekváros táska', 'g', 379, 4, 37, 23, '', '', 'admin'),
(733, 'ingredient', 'GLYX kenyér', 'g', 191, 8, 33, 3, '', '', 'admin'),
(734, 'ingredient', 'Kinder Meglepetés', 'g', 552, 8, 52, 34, '', '', 'admin'),
(735, 'ingredient', 'Tönkölybúzás zsemle', 'g', 273, 13, 32, 10, '', '', 'admin'),
(736, 'ingredient', 'Pászka', 'g', 390, 15, 78, 1, '', '', 'admin'),
(737, 'ingredient', 'Sós sütemény (általános)', 'g', 502, 9, 43, 31, '', '', 'admin'),
(738, 'ingredient', 'Képviselő fánk', 'g', 258, 0, 16, 0, '', '', 'admin'),
(739, 'ingredient', 'Kréker', 'g', 490, 9, 61, 23, '', '', 'admin'),
(740, 'ingredient', 'Étcsokoládé (70%)', 'g', 566, 10, 34, 41, '', '', 'admin'),
(741, 'ingredient', 'Chio Tortillas', 'g', 501, 0, 0, 24, '', '', 'admin'),
(742, 'ingredient', 'Marcipán (massza) ', 'g', 511, 12, 37, 35, '', '', 'admin'),
(743, 'ingredient', 'PomBar', 'g', 501, 3, 58, 28, '', '', 'admin'),
(744, 'ingredient', 'Pudingpor', 'g', 387, 3, 75, 9, '', '', 'admin'),
(745, 'ingredient', 'Gyümölcsrizs', 'g', 330, 11, 64, 3, '', '', 'admin'),
(746, 'ingredient', 'Rágógumi', 'g', 310, 0, 79, 0, '', '', 'admin'),
(747, 'ingredient', 'Keksz (általános)', 'g', 475, 7, 67, 20, '', '', 'admin'),
(748, 'ingredient', 'Csokoládé (általános)', 'g', 587, 8, 52, 37, '', '', 'admin'),
(749, 'ingredient', 'Trappista sajt', 'g', 381, 28, 2, 28, '', '', 'admin'),
(750, 'ingredient', 'Light trappista sajt', 'g', 219, 31, 2, 10, '', '', 'admin'),
(751, 'ingredient', 'Gouda sajt ', 'g', 356, 25, 2, 27, '', '', 'admin'),
(752, 'ingredient', 'Feta sajt', 'g', 237, 17, 0, 19, '', '', 'admin'),
(753, 'ingredient', 'Edami sajt', 'g', 362, 26, 2, 27, '', '', 'admin'),
(754, 'ingredient', 'Mozzarella sajt', 'g', 300, 22, 2, 22, '', '', 'admin'),
(755, 'ingredient', 'Lapkasajt', 'g', 276, 17, 4, 22, '', '', 'admin'),
(756, 'ingredient', 'Mozzarella light', 'g', 183, 22, 1, 10, '', '', 'admin'),
(757, 'ingredient', 'Ementáli sajt', 'g', 394, 28, 2, 29, '', '', 'admin'),
(758, 'ingredient', 'Sajtkrém', 'g', 226, 9, 3, 20, '', '', 'admin'),
(759, 'ingredient', 'Parmezán sajt', 'g', 385, 27, 2, 29, '', '', 'admin'),
(760, 'ingredient', 'Cheddar sajt', 'g', 403, 25, 1, 33, '', '', 'admin'),
(761, 'ingredient', 'Pannónia sajt', 'g', 394, 28, 2, 29, '', '', 'admin'),
(762, 'ingredient', 'Füstölt sajt', 'g', 353, 22, 2, 27, '', '', 'admin'),
(763, 'ingredient', 'Kecskesajt ', 'g', 361, 24, 2, 29, '', '', 'admin'),
(764, 'ingredient', 'Philadelphia light krémsajt', 'g', 152, 7, 5, 11, '', '', 'admin'),
(765, 'ingredient', 'Parenyica sajt', 'g', 396, 26, 2, 30, '', '', 'admin'),
(766, 'ingredient', 'Brie sajt', 'g', 334, 21, 1, 28, '', '', 'admin'),
(767, 'ingredient', 'Mascarpone ', 'g', 365, 5, 4, 37, '', '', 'admin'),
(768, 'ingredient', 'Sajtmártás', 'g', 218, 12, 3, 17, '', '', 'admin'),
(769, 'ingredient', 'Camembert sajt', 'g', 308, 22, 2, 23, '', '', 'admin'),
(770, 'ingredient', 'Krémfehér sajt', 'g', 252, 13, 1, 21, '', '', 'admin'),
(771, 'ingredient', 'Juhsajt', 'g', 360, 24, 1, 29, '', '', 'admin'),
(772, 'ingredient', 'Kéksajt', 'g', 353, 21, 2, 28, '', '', 'admin'),
(773, 'ingredient', 'Márványsajt', 'g', 366, 20, 2, 30, '', '', 'admin'),
(774, 'ingredient', 'Natúr ömlesztett sajt', 'g', 321, 17, 2, 26, '', '', 'admin'),
(775, 'ingredient', 'Gorgonzola sajt', 'g', 350, 21, 1, 28, '', '', 'admin'),
(776, 'ingredient', 'Anikó sajt', 'g', 349, 24, 2, 26, '', '', 'admin'),
(777, 'ingredient', 'Óvári sajt', 'g', 301, 30, 2, 19, '', '', 'admin'),
(778, 'ingredient', 'Tilsiti sajt', 'g', 340, 24, 2, 26, '', '', 'admin'),
(779, 'ingredient', 'Rokfort sajt', 'g', 368, 22, 2, 31, '', '', 'admin'),
(780, 'ingredient', 'Pálpusztai sajt', 'g', 293, 23, 1, 21, '', '', 'admin'),
(781, 'ingredient', 'Gruyere sajt', 'g', 413, 30, 0, 32, '', '', 'admin'),
(782, 'ingredient', 'Halloumi sajt', 'g', 321, 18, 4, 39, '', '', 'admin'),
(783, 'ingredient', 'Rikotta sajt', 'g', 158, 8, 7, 10, '', '', 'admin'),
(784, 'ingredient', 'Kaskaval sajt', 'g', 370, 24, 1, 29, '', '', 'admin'),
(785, 'ingredient', 'Ömlesztett sajt (általános)', 'g', 321, 17, 2, 26, '', '', 'admin'),
(786, 'ingredient', 'Fondü', 'g', 229, 14, 4, 13, '', '', 'admin'),
(787, 'ingredient', 'Limburger sajt', 'g', 327, 20, 1, 27, '', '', 'admin'),
(788, 'ingredient', 'Vajas márványsajt', 'g', 469, 11, 1, 45, '', '', 'admin'),
(789, 'ingredient', 'Havarti sajt', 'g', 393, 25, 4, 28, '', '', 'admin'),
(790, 'ingredient', 'Monterey sajt', 'g', 373, 25, 1, 30, '', '', 'admin'),
(791, 'ingredient', 'Neufchatel sajt', 'g', 253, 9, 4, 23, '', '', 'admin'),
(792, 'ingredient', 'Fontina sajt', 'g', 388, 26, 2, 31, '', '', 'admin'),
(793, 'ingredient', 'Colby sajt', 'g', 394, 24, 3, 32, '', '', 'admin'),
(794, 'ingredient', 'Cheshire sajt', 'g', 387, 23, 5, 31, '', '', 'admin'),
(795, 'ingredient', 'Tehéntej (1,5%)', 'g', 44, 3, 5, 2, '', '', 'admin'),
(796, 'ingredient', 'Tehéntej (2,8%)', 'g', 62, 3, 5, 3, '', '', 'admin'),
(797, 'ingredient', 'Tejföl (20%)', 'g', 216, 3, 4, 20, '', '', 'admin'),
(798, 'ingredient', 'Natúr joghurt', 'g', 74, 4, 5, 3, '', '', 'admin'),
(799, 'ingredient', 'Tejföl (12%)', 'g', 142, 3, 4, 12, '', '', 'admin'),
(800, 'ingredient', 'Sovány tehéntúró', 'g', 78, 14, 4, 1, '', '', 'admin'),
(801, 'ingredient', 'Cappuccino', 'g', 40, 1, 4, 2, '', '', 'admin'),
(802, 'ingredient', 'Kakaós tej', 'g', 66, 4, 11, 1, '', '', 'admin'),
(803, 'ingredient', 'Kőrözött', 'g', 127, 8, 5, 8, '', '', 'admin'),
(804, 'ingredient', 'Gyümölcsjoghurt', 'g', 84, 3, 13, 2, '', '', 'admin'),
(805, 'ingredient', 'Túró (általános)', 'g', 147, 16, 4, 7, '', '', 'admin'),
(806, 'ingredient', 'Kaukázusi kefír', 'g', 58, 3, 5, 3, '', '', 'admin'),
(807, 'ingredient', 'Kefír (általános)', 'g', 66, 3, 5, 4, '', '', 'admin'),
(808, 'ingredient', 'Danone joghurt (natúr)', 'g', 60, 3, 4, 4, '', '', 'admin'),
(809, 'ingredient', 'Kávétejszín', 'g', 174, 3, 5, 15, '', '', 'admin'),
(810, 'ingredient', 'Habtejszín', 'g', 302, 3, 3, 30, '', '', 'admin'),
(811, 'ingredient', 'Félzsíros tehéntúró', 'g', 147, 16, 4, 7, '', '', 'admin'),
(812, 'ingredient', 'Completa kávékrémpor', 'g', 550, 2, 57, 35, '', '', 'admin'),
(813, 'ingredient', 'Tejberizs', 'g', 82, 3, 13, 2, '', '', 'admin'),
(814, 'ingredient', 'Tehéntej (3,6%)', 'g', 69, 3, 5, 4, '', '', 'admin'),
(815, 'ingredient', 'Juhtúró', 'g', 284, 16, 1, 24, '', '', 'admin'),
(816, 'ingredient', 'Joghurt (0,1%)', 'g', 32, 4, 4, 0, '', '', 'admin'),
(817, 'ingredient', 'Főzőtejszín 10%', 'g', 117, 3, 4, 10, '', '', 'admin'),
(818, 'ingredient', 'Szörp (magában)', 'g', 279, 1, 68, 1, '', '', 'admin'),
(819, 'ingredient', 'Kókusztej', 'g', 10, 0, 1, 0, '', '', 'admin'),
(820, 'ingredient', 'Laktózmentes tej', 'g', 49, 3, 5, 2, '', '', 'admin'),
(821, 'ingredient', 'Turmix', 'g', 59, 2, 10, 1, '', '', 'admin'),
(822, 'ingredient', 'Tehéntej (0,1%)', 'g', 32, 3, 5, 0, '', '', 'admin'),
(823, 'ingredient', 'Tofu', 'g', 77, 8, 1, 5, '', '', 'admin'),
(824, 'ingredient', 'Jegeskávé', 'g', 72, 2, 10, 2, '', '', 'admin'),
(825, 'ingredient', 'Főzőtejszín 20%', 'g', 205, 3, 4, 20, '', '', 'admin'),
(826, 'ingredient', 'Ivójoghurt', 'g', 41, 3, 6, 0, '', '', 'admin'),
(827, 'ingredient', 'Kefir (sovány)', 'g', 43, 4, 5, 1, '', '', 'admin'),
(828, 'ingredient', 'Kecsketej', 'g', 70, 4, 5, 4, '', '', 'admin'),
(829, 'ingredient', 'Zsíros tejpor', 'g', 507, 22, 37, 27, '', '', 'admin'),
(830, 'ingredient', 'Zsíros gomolyatúró', 'g', 283, 18, 3, 21, '', '', 'admin'),
(831, 'ingredient', 'Sűrített tej (cukrozott)', 'g', 325, 9, 55, 7, '', '', 'admin'),
(832, 'ingredient', 'Tejszín (általános)', 'g', 174, 3, 5, 15, '', '', 'admin'),
(833, 'ingredient', 'Bivalytej', 'g', 116, 6, 5, 8, '', '', 'admin'),
(834, 'ingredient', 'Juhtej', 'g', 113, 6, 5, 7, '', '', 'admin'),
(835, 'ingredient', 'Kancatej', 'g', 42, 2, 7, 1, '', '', 'admin'),
(836, 'ingredient', ' Tojás', 'g', 143, 13, 1, 10, '', '', 'admin'),
(837, 'ingredient', 'Főtt tojás', 'g', 155, 13, 1, 11, '', '', 'admin'),
(838, 'ingredient', 'Tojásrántotta kevés olajon', 'g', 190, 13, 1, 14, '', '', 'admin'),
(839, 'ingredient', 'Tükörtojás kevés olajon', 'g', 180, 13, 1, 13, '', '', 'admin'),
(840, 'ingredient', 'Tojásfehérje', 'g', 58, 13, 1, 0, '', '', 'admin'),
(841, 'ingredient', 'Tojássárgája', 'g', 362, 16, 0, 32, '', '', 'admin'),
(842, 'ingredient', 'Tojáskrém', 'g', 101, 5, 2, 9, '', '', 'admin'),
(843, 'ingredient', 'Kaszinó tojás', 'g', 213, 10, 5, 16, '', '', 'admin'),
(844, 'ingredient', 'Fürj tojás', 'g', 157, 13, 0, 11, '', '', 'admin'),
(845, 'ingredient', 'Szárított tojásfehérje', 'g', 320, 73, 4, 0, '', '', 'admin'),
(846, 'ingredient', 'Kacsa tojás', 'g', 188, 13, 2, 14, '', '', 'admin'),
(847, 'ingredient', 'Teljes tojáspor', 'g', 578, 45, 5, 40, '', '', 'admin'),
(848, 'ingredient', 'Pulyka tojás', 'g', 170, 14, 1, 12, '', '', 'admin'),
(849, 'ingredient', 'Lúd tojás', 'g', 185, 14, 1, 13, '', '', 'admin'),
(850, 'ingredient', 'Paradicsom', 'g', 18, 1, 4, 0, '', '', 'admin'),
(851, 'ingredient', 'Kígyóuborka', 'g', 12, 1, 2, 0, '', '', 'admin'),
(852, 'ingredient', ' Paprika', 'g', 20, 1, 3, 0, '', '', 'admin'),
(853, 'ingredient', 'Koktélparadicsom', 'g', 18, 1, 4, 0, '', '', 'admin'),
(854, 'ingredient', 'Jégsaláta', 'g', 14, 1, 3, 0, '', '', 'admin'),
(855, 'ingredient', 'Sárgarépa (nyers)', 'g', 40, 1, 8, 0, '', '', 'admin'),
(856, 'ingredient', 'Uborka', 'g', 12, 1, 2, 0, '', '', 'admin'),
(857, 'ingredient', ' Retek', 'g', 15, 1, 2, 0, '', '', 'admin'),
(858, 'ingredient', 'Kápia paprika', 'g', 30, 1, 5, 0, '', '', 'admin'),
(859, 'ingredient', 'Vöröshagyma', 'g', 40, 1, 8, 0, '', '', 'admin'),
(860, 'ingredient', 'Lilahagyma', 'g', 42, 1, 10, 0, '', '', 'admin'),
(861, 'ingredient', 'Avokádó', 'g', 160, 2, 9, 15, '', '', 'admin'),
(862, 'ingredient', 'Újhagyma', 'g', 42, 1, 9, 0, '', '', 'admin'),
(863, 'ingredient', 'Cukkini', 'g', 17, 1, 3, 0, '', '', 'admin'),
(864, 'ingredient', 'Savanyúkáposzta', 'g', 20, 1, 3, 0, '', '', 'admin'),
(865, 'ingredient', 'Pritamin', 'g', 26, 1, 6, 0, '', '', 'admin'),
(866, 'ingredient', 'Brokkoli (nyers)', 'g', 24, 3, 2, 0, '', '', 'admin'),
(867, 'ingredient', 'Fejes saláta', 'g', 17, 1, 2, 0, '', '', 'admin'),
(868, 'ingredient', 'Fokhagyma', 'g', 149, 6, 33, 1, '', '', 'admin'),
(869, 'ingredient', 'Ecetes cékla ', 'g', 33, 1, 7, 0, '', '', 'admin'),
(870, 'ingredient', 'Olívabogyó ', 'g', 145, 1, 4, 15, '', '', 'admin'),
(871, 'ingredient', 'Édesburgonya', 'g', 86, 2, 20, 0, '', '', 'admin'),
(872, 'ingredient', 'Főtt répa', 'g', 35, 1, 8, 0, '', '', 'admin'),
(873, 'ingredient', 'Sütőtök', 'g', 80, 2, 17, 1, '', '', 'admin'),
(874, 'ingredient', 'Karalábé', 'g', 39, 2, 7, 0, '', '', 'admin'),
(875, 'ingredient', 'Vegyes savanyúság ', 'g', 15, 1, 2, 0, '', '', 'admin'),
(876, 'ingredient', 'Jégcsapretek', 'g', 15, 1, 2, 0, '', '', 'admin'),
(877, 'ingredient', 'Rukkola', 'g', 25, 3, 4, 1, '', '', 'admin'),
(878, 'ingredient', 'Hegyes erős paprika', 'g', 4, 1, 0, 0, '', '', 'admin'),
(879, 'ingredient', 'Cékla', 'g', 31, 1, 6, 0, '', '', 'admin'),
(880, 'ingredient', 'Karfiol', 'g', 30, 2, 4, 0, '', '', 'admin'),
(881, 'ingredient', 'Zöldborsó (nyers)', 'g', 81, 5, 14, 0, '', '', 'admin'),
(882, 'ingredient', 'Zabkorpa', 'g', 314, 10, 58, 4, '', '', 'admin'),
(883, 'ingredient', 'Sörretek', 'g', 15, 1, 2, 0, '', '', 'admin'),
(884, 'ingredient', 'Póréhagyma', 'g', 38, 2, 1, 0, '', '', 'admin'),
(885, 'ingredient', 'Krumpli (nyers)', 'g', 76, 2, 19, 0, '', '', 'admin'),
(886, 'ingredient', 'Egész fahéj', 'g', 246, 4, 81, 1, '', '', 'admin'),
(887, 'ingredient', 'Vajretek', 'g', 16, 1, 3, 0, '', '', 'admin'),
(888, 'ingredient', 'Kukorica (nyers)', 'g', 86, 3, 19, 1, '', '', 'admin'),
(889, 'ingredient', 'Káposzta', 'g', 32, 2, 6, 0, '', '', 'admin'),
(890, 'ingredient', 'Zöldbab (nyers)', 'g', 28, 2, 3, 0, '', '', 'admin'),
(891, 'ingredient', 'Ecetes almapaprika', 'g', 21, 1, 3, 0, '', '', 'admin'),
(892, 'ingredient', 'Kelbimbó', 'g', 51, 5, 6, 1, '', '', 'admin'),
(893, 'ingredient', 'Padlizsán (nyers)', 'g', 27, 1, 5, 0, '', '', 'admin'),
(894, 'ingredient', 'Paraj (nyers)', 'g', 20, 2, 2, 0, '', '', 'admin'),
(895, 'ingredient', 'Spárga', 'g', 17, 2, 2, 0, '', '', 'admin'),
(896, 'ingredient', 'Univer piros arany (csemege) ', 'g', 51, 2, 5, 1, '', '', 'admin'),
(897, 'ingredient', 'Balzsamecet ', 'g', 92, 0, 19, 0, '', '', 'admin'),
(898, 'ingredient', 'Csípős paprika', 'g', 20, 1, 3, 0, '', '', 'admin'),
(899, 'ingredient', 'Zeller gumó', 'g', 29, 1, 5, 0, '', '', 'admin'),
(900, 'ingredient', 'Kelkáposzta (nyers)', 'g', 35, 4, 4, 0, '', '', 'admin'),
(901, 'ingredient', 'Almaecet ', 'g', 17, 0, 0, 0, '', '', 'admin'),
(902, 'ingredient', 'Sült tök', 'g', 77, 2, 17, 1, '', '', 'admin'),
(903, 'ingredient', 'Kínai kel', 'g', 16, 1, 2, 0, '', '', 'admin'),
(904, 'ingredient', 'Szójatej', 'g', 54, 5, 5, 2, '', '', 'admin'),
(905, 'ingredient', 'Petrezselyem gyökér', 'g', 32, 2, 5, 0, '', '', 'admin'),
(906, 'ingredient', 'Petrezselyem zöldje', 'g', 36, 3, 6, 1, '', '', 'admin'),
(907, 'ingredient', 'Gyömbér (nyers)', 'g', 20, 2, 18, 1, '', '', 'admin'),
(908, 'ingredient', 'Lencse', 'g', 342, 26, 53, 2, '', '', 'admin'),
(909, 'ingredient', 'Őrölt pirospaprika', 'g', 315, 12, 57, 17, '', '', 'admin'),
(910, 'ingredient', 'Főzőtök', 'g', 18, 1, 4, 0, '', '', 'admin'),
(911, 'ingredient', 'Sárgaborsó', 'g', 321, 22, 53, 2, '', '', 'admin'),
(912, 'ingredient', 'Kurkuma', 'g', 355, 8, 65, 10, '', '', 'admin'),
(913, 'ingredient', 'Sóska (nyers)', 'g', 24, 2, 2, 1, '', '', 'admin'),
(914, 'ingredient', 'Kapor levél (friss)', 'g', 43, 3, 7, 1, '', '', 'admin'),
(915, 'ingredient', 'Bazsalikom levél (friss)', 'g', 23, 3, 3, 1, '', '', 'admin'),
(916, 'ingredient', 'Kapribogyó', 'g', 23, 2, 5, 1, '', '', 'admin'),
(917, 'ingredient', 'Ecet (általános)', 'g', 21, 0, 1, 0, '', '', 'admin'),
(918, 'ingredient', 'Amaránt', 'g', 370, 14, 65, 7, '', '', 'admin'),
(919, 'ingredient', 'Vörös káposzta', 'g', 32, 2, 6, 0, '', '', 'admin'),
(920, 'ingredient', 'Metélőhagyma', 'g', 30, 3, 4, 1, '', '', 'admin'),
(921, 'ingredient', 'Zeller zöldje', 'g', 16, 1, 3, 0, '', '', 'admin'),
(922, 'ingredient', 'Mángold', 'g', 19, 2, 4, 0, '', '', 'admin'),
(923, 'ingredient', 'Paradicsom-paprika', 'g', 30, 1, 5, 0, '', '', 'admin'),
(924, 'ingredient', 'Patisszon', 'g', 31, 1, 6, 0, '', '', 'admin'),
(925, 'ingredient', 'Torma (nyers)', 'g', 80, 3, 16, 0, '', '', 'admin'),
(926, 'ingredient', 'Cikória', 'g', 17, 1, 2, 0, '', '', 'admin'),
(927, 'ingredient', 'Szójabab', 'g', 458, 41, 23, 21, '', '', 'admin'),
(928, 'ingredient', 'Bab (nyers)', 'g', 333, 24, 60, 1, '', '', 'admin'),
(929, 'ingredient', 'Rebarbara', 'g', 17, 1, 3, 0, '', '', 'admin'),
(930, 'ingredient', 'Fejtett bab', 'g', 167, 11, 29, 0, '', '', 'admin'),
(931, 'ingredient', 'Zöld paradicsom', 'g', 23, 1, 5, 0, '', '', 'admin'),
(932, 'ingredient', 'Articsóka', 'g', 47, 3, 11, 0, '', '', 'admin'),
(933, 'ingredient', 'Bambuszrügy', 'g', 27, 3, 5, 0, '', '', 'admin'),
(934, 'ingredient', 'Borecet ', 'g', 19, 0, 1, 0, '', '', 'admin'),
(935, 'ingredient', 'Szójacsíra', 'g', 50, 6, 5, 1, '', '', 'admin'),
(936, 'ingredient', 'Koriander levél', 'g', 24, 2, 4, 1, '', '', 'admin'),
(937, 'ingredient', 'Szerecsendió', 'g', 476, 7, 51, 33, '', '', 'admin'),
(938, 'ingredient', 'Szójaliszt (zsírtalanított)', 'g', 336, 47, 33, 1, '', '', 'admin'),
(939, 'ingredient', 'Só ', 'g', 0, 0, 0, 0, '', '', 'admin'),
(940, 'ingredient', 'Görögszéna mag', 'g', 320, 22, 59, 6, '', '', 'admin'),
(941, 'ingredient', 'Szegfűszeg', 'g', 322, 6, 62, 20, '', '', 'admin'),
(942, 'ingredient', 'Pasztinák', 'g', 70, 1, 15, 0, '', '', 'admin'),
(943, 'ingredient', 'Római köménymag', 'g', 375, 18, 44, 22, '', '', 'admin'),
(944, 'ingredient', 'Borsmenta (friss)', 'g', 70, 4, 15, 1, '', '', 'admin'),
(945, 'ingredient', 'Tök', 'g', 31, 1, 6, 0, '', '', 'admin'),
(946, 'ingredient', 'Citromfű', 'g', 98, 2, 25, 1, '', '', 'admin'),
(947, 'ingredient', 'Kerti zsázsa', 'g', 23, 2, 4, 1, '', '', 'admin'),
(948, 'ingredient', 'Rozmaring levél (friss)', 'g', 130, 3, 21, 6, '', '', 'admin'),
(949, 'ingredient', 'Fodormenta (friss)', 'g', 44, 3, 8, 1, '', '', 'admin'),
(950, 'ingredient', 'Fehér bors', 'g', 295, 11, 69, 2, '', '', 'admin'),
(951, 'ingredient', 'Szójaliszt', 'g', 454, 41, 22, 21, '', '', 'admin'),
(952, 'ingredient', 'Bazsalikom', 'g', 41, 3, 5, 1, '', '', 'admin'),
(953, 'ingredient', 'Manióka', 'g', 160, 1, 38, 0, '', '', 'admin'),
(954, 'ingredient', 'Sárgaborsóliszt', 'g', 316, 21, 53, 1, '', '', 'admin'),
(955, 'ingredient', 'Jamgyökér', 'g', 116, 2, 28, 0, '', '', 'admin'),
(956, 'ingredient', 'Kakukkfű levél (friss)', 'g', 101, 6, 25, 2, '', '', 'admin'),
(957, 'ingredient', 'Mogyoróhagyma', 'g', 348, 12, 81, 1, '', '', 'admin'),
(958, 'ingredient', 'Babér levél', 'g', 310, 8, 75, 8, '', '', 'admin'),
(959, 'ingredient', 'Koriander mag', 'g', 299, 12, 55, 18, '', '', 'admin'),
(960, 'ingredient', 'Zsálya', 'g', 318, 11, 61, 13, '', '', 'admin'),
(961, 'ingredient', 'Gyermekláncfű', 'g', 46, 3, 9, 1, '', '', 'admin'),
(962, 'ingredient', 'Sáfrány', 'g', 310, 11, 65, 6, '', '', 'admin'),
(963, 'ingredient', 'Szegfűbors', 'g', 260, 6, 72, 9, '', '', 'admin'),
(964, 'ingredient', 'Csombor (szárított)', 'g', 272, 7, 69, 6, '', '', 'admin'),
(965, 'ingredient', 'Tökvirág', 'g', 15, 1, 3, 0, '', '', 'admin'),
(966, 'ingredient', 'Borágó', 'g', 21, 2, 3, 1, '', '', 'admin'),
(967, 'ingredient', 'Kapormag', 'g', 310, 16, 56, 15, '', '', 'admin'),
(968, 'ingredient', 'Paradicsom por', 'g', 302, 13, 75, 0, '', '', 'admin'),
(969, 'ingredient', 'Zeller mag', 'g', 390, 18, 42, 26, '', '', 'admin'),
(988, 'recipe', 'Klasszikus tojásrántotta', '', 188, 13, 1, 16, 'Egy serpenyőt közepes lángon melegíteni kezdünk. Beleöntjük az olajat, majd hozzáadjuk a vajat. Amíg a vaj felhabzik, a tojásokat egy keverőtálba öntjük, sózzuk, villával kissé felverjük (nem kell, hogy teljesen elkeveredjen a sárgája a fehérjével).\r\n\r\nA keveréket a habzó vajra öntjük, és körkörös mozdulatokkal keverve megsütjük. Ügyeljünk arra, hogy ne süssük szárazra (3 db tojás esetén nagyjából 1-2 perc a sütési idő).\r\n\r\nVégül ízlés szerint megszórhatjuk egy kevés őrölt pirospaprikával vagy akár sajttal. Pirítóssal, vagy friss kenyérrel tálaljuk.', '988.jpg', 'Mindegy'),
(989, 'ingredient', 'Őrölt fűszerkömény', 'g', 333, 20, 12, 15, '', '', 'admin'),
(990, 'ingredient', 'Őrölt bors', 'g', 251, 10, 38, 3, '', '', 'admin'),
(991, 'ingredient', 'Majoranna szárított', 'g', 271, 12, 20, 7, '', '', 'admin'),
(992, 'recipe', 'Vörösboros marhapörkölt', '', 120, 13, 4, 6, 'A marhahúst megtisztítjuk, szárazra töröljük, és közepes kockákra vágjuk.\r\nA hagymát megpucoljuk, felaprítjuk, és 5 evőkanál olajon aranysárgára pirítjuk. Ekkor felöntjük kevés vízzel, és újból zsírjára sütjük. Közben megsózzuk.\r\nA húst a hagymára dobjuk, és erős tűzön fehéredésig sütjük. Mikor kicsit levet engedett, mehet bele a pirospaprika, a kömény és két gerezd zúzott fokhagyma.\r\nA zöldpaprikát kimagozzuk, apró kockákra vágjuk, és a pörköltbe tesszük. Kevés vizet öntünk hozzá, és megsózzuk. Hagyjuk főni, közben megsózzuk, megborsozzuk. Félidőben megfűszerezzük a kakukkfűvel és majorannával, de épp csak egy csipetnyit adunk hozzá.\r\nMikor kb. 1 óra múlva a hús félpuha, hozzáadjuk a felkockázott, meghámozott paradicsomot és a vörösbort is, és barnásra főzzük. A legvégén még egyszer beízesítjük zúzott fokhagymával és köménnyel. Amikor zamatos, fűszeres, barnás és sűrű, az étel elkészült.\r\nA vörösboros marhapörköltet főtt krumplival vagy nokedlivel kínáljuk.', '', 'Mindegy'),
(993, 'ingredient', 'Darált sertéshús', 'g', 300, 40, 0, 20, '', '', 'admin'),
(994, 'ingredient', 'Spagetti tészta (száraz)', 'g', 371, 13, 71, 1, '', '', 'admin'),
(995, 'recipe', 'Bolognai spagetti', '', 212, 14, 19, 10, 'A hagymát apróra vágjuk, a sárgarépát lereszeljük.\r\nAz olajon sárgára pirítjuk a hagymát, rátesszük a darált húst, megszórjuk a sóval, a borssal, a bazsalikommal és az oregánóval. Addig kevergetjük, míg fehéredni kezd, ekkor felöntjük a paradicsomlével.\r\nHozzáadjuk a répát és a zellerszárat, felöntjük egy kevés vízzel, hogy a megszokott állagnál hígabb szaftot kapjunk. Fedő alatt, alacsony lángon kb. 1 órát főzzük.\r\nÖt perccel a főzési idő letelte előtt belenyomjuk a fokhagymát, és hozzáadunk pár csepp édesítőt (vagy egy-két csipet cukrot). Amikor kész, megkóstoljuk, ha kell, utánaízesítjük.\r\nKözben kifőzzük a spagettit, a csomagoláson található utasítás szerint, és lereszeljük a sajtot.\r\nA bolognai spagetti tálaláskor egy adag tésztát a tányérra teszünk, rákanalazzuk a szószt, és megszórjuk a reszelt sajttal.', '995.jpeg', 'Mindegy'),
(996, 'ingredient', 'Gyalult tök', 'g', 22, 1, 3, 0, '', '', 'admin'),
(997, 'recipe', 'Kapros-tejfölös tökfőzelék', '', 104, 3, 8, 7, 'Felaprítjuk a hagymát és a kaprot úgy, hogy nagyobb darabok ne maradjanak benne.\r\nOlajon megpirítjuk a hagymát, teszünk bele egy kevés sót, majd erre a pirított hagymára rátesszük a tököt. 15 percig pároljuk, ha kell, 1 dl vizet teszünk alá.\r\nLiszttel, tejjel és tejföllel habarást készítünk, és hozzáadjuk a tökhöz. Beletesszük a kaprot, és 5 percig együtt forraljuk. Ízesítjük a cukorral és az ecettel, majd még 2 percig forraljuk, azután levesszük a tűzről.', '997.jpeg', 'Mindegy'),
(998, 'ingredient', 'Chili paprika', 'g', 40, 2, 7, 0, '', '', 'admin'),
(999, 'ingredient', 'Kukorica konzerv', 'g', 79, 2, 17, 0, '', '', 'admin'),
(1000, 'recipe', 'Chilis bab', '', 163, 17, 10, 9, 'A chilis bab elkészítéséhez a karikára vágott vöröshagymát olajon megpirítjuk, majd a zúzott fokhagymát is hozzápirítjuk 10 másodpercig. Rászórjuk a pirospaprikát, és felengedjük 1/2 dl vízzel.\r\nHozzáadjuk a darált húst és fehéredésig pirítjuk. A paradicsompürét vízzel hígítjuk, ráöntjük a darált húsra, megsózzuk, megborsozzuk, és csilipaprikával ízesítjük.\r\nAmikor a hús megpuhult, hozzákeverjük a leszűrt babot és a kukoricát, és 5-10 perc alatt összeforraljuk. A csilis babot forrón kínáljuk.', '1000.jpg', 'Mindegy'),
(1001, 'ingredient', 'Csirke felsőcomb filé', 'g', 121, 20, 0, 4, '', '', 'admin'),
(1002, 'ingredient', 'Fehérrépa', 'g', 55, 2, 8, 0, '', '', 'admin'),
(1003, 'ingredient', 'Csirke alaplé', 'g', 10, 0, 1, 0, '', '', 'admin'),
(1004, 'recipe', 'Csirke vadas mártásban spagettivel', '', 164, 9, 21, 5, 'A húst kb. hüvelykujjnyi csíkokra, a szalonnát apró kockákra, a zöldségeket karikára, a zellert kis kockára, a vöröshagymát finomra aprítjuk.\r\nA szalonnát lassan kisütjük, a pörcöt kivesszük, félretesszük. A visszamaradt zsiradékban a húst kevergetve hirtelen fehéredésig sütjük, sózzuk, borsozzuk, majd kivesszük.\r\nKb. 2 evőkanálnyi felhevített olajon a cukrot karamellizáljuk, a zöldségeket és a vöröshagymát, zúzott fokhagymával dinszteljük néhány percig, majd a húslevessel felöntve, a félretett apró szalonnát, a csirkecombot és a babérlevelet is hozzáadva puhulásig főzzük.\r\nKivesszük a húst és a babért. A tejfölben elkeverjük a lisztet, kevés vízzel higítjuk, a mártásalaphoz keverjük a mustárral együtt. Néhány percig együtt lassan forraljuk, pár csepp citromlével ízesítjük.\r\nA mártást leturmixoljuk, a húsra öntve 1-2 percig lassan forraljuk.\r\nA spagettit a csomagon található utasítás szerint sós vízben kifőzzük, leszűrjük, kevés olajjal összekeverjük, és a raguval tálaljuk.', '1004.jpg', 'Mindegy'),
(1005, 'recipe', 'Sertéspörkölt nokedlivel', '', 234, 12, 17, 13, 'A sertéspörkölt elkészítéséhez a hagymát kockára vágjuk és a zsíron világosbarnára pirítjuk. A tűzről levéve hozzáadjuk a pirospaprikát, elkeverjük, majd belerakjuk a kockára vágott húst. Jól összeforgatjuk, kicsit \"pörköljük\".\r\nEkkor beletesszük a karikára vágott paprikát, a feldarabolt paradicsomot, az erős paprikát (ha gyerek is eszik belőle, ezt kihagyhatjuk), majd felengedjük egy kevés vízzel. Megsózzuk, megborsozzuk, fedő alatt pároljuk, az elfőtt vizet pótoljuk.\r\nKb. másfél, két óra kell a sertéshúsnak, hogy megpuhuljon. Addig a hagyma, a paradicsom és a paprika sűrű szafttá fő alatta.\r\nA nokedli elkészítéséhez egy tálba öntjük a lisztet, megsózzuk, ráütjük a tojást és összekeverjük annyi hideg vízzel, hogy szaggatható tésztát kapjunk.\r\nA nokedlitésztát nem szabad sokáig kevergetni, éppen csak addig, amíg összeáll, mert ha sokáig kevergetjük, kemény és \"szíjas\" lesz a tésztánk.\r\nA nokedlit forró vízbe szaggatjuk, és amikor feljön a víz tetejére, akkor már jó is, leszűrjük és hideg vízzel alaposan leöblítjük.\r\nTálalásnál elverjük pörkölt szafttal, megmelegítjük, és szedünk rá a szintén jó meleg húsból. Savanyúság vagy valamilyen saláta kell hozzá, mi nyáron tejfölös uborkasalátával, télen csemege uborkával szeretjük a legjobban.', '1005.jpeg', 'Mindegy'),
(1006, 'recipe', 'Tejfölös zöldbabfőzelék', '', 83, 3, 6, 6, 'A tejfölös zöldbabfőzelék elkészítéséhez a megtisztított, feldarabolt zöldbabot feltesszük főni annyi vízben, amennyi éppen ellepi. Megsózzuk, beletesszük a babérleveleket, és 20-25 perc alatt puhára főzzük.\r\nKözben a lisztből az olajon zsemleszínű rántást készítünk, majd megdinszteljük rajta a megtisztított, finomra vágott fokhagymát. A tűzről levéve megszórjuk a pirospaprikával, elkeverjük, és azonnal hozzáadjuk a tejfölt.\r\nKikeverjük vele a rántást, és fokozatosan hozzákeverünk kb. 2 dl hideg vizet (így nem lesz csomós). A rántást a forrásban lévő főzelékhez öntjük, és folyamatos kevergetés mellett újraforraljuk. Ezután még 5 percig lassan forraljuk.\r\nHa szükséges, megsózzuk a főzeléket. Az ecettel és a cukorral ízesítjük. Végül hozzáadjuk a felaprított petrezselymet is.', '1006.jpg', 'Mindegy'),
(1007, 'ingredient', 'Leveles tészta (fagyasztott)', 'g', 423, 6, 34, 29, '', '', 'admin'),
(1008, 'recipe', 'Wellington bélszín', '', 187, 11, 12, 11, 'A bélszínt éles késsel lehártyázzuk, a borssal és a mustárral jól bedörzsöljük, majd egy akkora tálba tesszük, amekkorába éppen belefér. Annyi olajat öntünk rá, amennyi ellepi, és letakarva érleljük a hűtőszekrényben 3-4 napig.\r\nA kissé lecsöpögtetett érlelt bélszínt kb. 1 tk sóval bedörzsöljük. A pácoláshoz használt olajból serpenyőben felforrósítunk egy keveset, és körbepirítjuk rajta a húst 7-8 perc alatt. Lecsöpögtetve hűlni hagyjuk, majd folpakba csomagoljuk, és jól behűtjük.\r\nA vajas tésztát szobahőmérsékleten felengedjük. A megtisztított gombát és hagymát lereszeljük vagy nagyon finomra vágjuk, és a hús pácolásához használt 3-4 ek olajon keverés közben addig pirítjuk, amíg a leve el nem fő. Ezután megsózzuk, megborsozzuk, és a morzsával együtt rövid ideig tovább pirítjuk. Végül ráöntjük a 2 db felvert tojást, és dermedésig sütjük. A tűzről lehúzva a felaprított petrezselyemmel fűszerezzük.\r\nA tésztát enyhén meglisztezett deszkán 1 cm vastagra, téglalap alakúra nyújtjuk. Az elősütött húst körbetapasztjuk a gombapéppel, és a tészta közepére helyezzük. Minden oldalról jól megkenjük az elkevert tojással, majd ráhajtjuk a tésztát és az illesztéssel lefelé sütőpapírral bélelt tepsibe tesszük. A maradék felvert tojással bekenjük, villával pár helyen megszurkáljuk és a 180 fokra előmelegített sütőben kb. 30 percig sütjük. Tálalás előtt 10-15 percig pihentetjük, végül ujjnyi vastagon felszeleteljük. Főtt burgonya, krumplipüré vagy zöldségköret illik hozzá.', '1008.jpg', 'Mindkettő'),
(1009, 'recipe', 'Palócgulyás', '', 60, 6, 4, 3, 'A hagymát kevés olajon megdinszteljük, rárakjuk a felkockázott húst, és fehéredésig dinszteljük, majd lehúzzuk a tűrzől, megszórjuk pirospaprikával, sózzuk, borsozzuk, felöntjük vízzel, és takaréklángon, lefedve pörköltöt készítünk belőle. Ha a hús már puha, mellétesszük a megtisztított, felkockázott burgonyát és a hasábokra vágott répát, és felöntjük annyi vízzel, hogy mindent ellepjen a lé. Amikor félpuha, beletesszük a zöldbabot, és puhára főzzük. A liszttel elkevert tejföllel csomómentesen behabarjuk, ha igényli, sózzuk, borsozzuk, és forrón tálaljuk.', '1009.jpg', 'Mindkettő'),
(1010, 'ingredient', 'Betűtészta (4 tojásos)', 'g', 321, 10, 62, 3, '', '', 'admin'),
(1011, 'recipe', 'Paradicsomleves', '', 55, 2, 8, 3, 'A paradicsomleves elkészítéséhez egy fazékban felhevítjük az olajat, beletesszük a megtisztított, nagyobb szeletekre vágott hagymát, és üvegesre pirítjuk.\r\nMegszórjuk a liszttel, és kis lángon zsemleszínűre pirítjuk. Lehúzzuk a tűzről, ráöntjük a 1,5 liter vízzel elkevert paradicsompürét.\r\nCsomómentesre keverjük, visszatesszük a tűzre, megszórjuk borssal és sóval, majd 10 perc alatt készre főzzük. Ekkor hozzákeverjük a cukrot is.\r\nMegkóstoljuk, mert a főzés során megváltozhat a paradicsomleves íze. Szükség szerint utólag megsózzuk vagy megcukrozzuk. A hagymát kivesszük.\r\nAmíg a paradicsomleves fő, egy kisebb, 2 literes lábasban vizet forralunk, sót teszünk bele, majd 10-12 perc alatt a csomagon található utasítás szerint kifőzünk egy jó adag eperlevél vagy betűtésztát. Leszűrjük, lecsepegtetjük. A paradicsomlevest a tésztával és opcionálisan reszelt sajttal tálaljuk.', '1011.jpg', 'Mindkettő'),
(1012, 'recipe', 'Gulyásleves', '', 98, 9, 8, 4, 'A gulyásleves elkészítéséhez a felhevített zsíron üvegesre pároljuk az apróra vágott vöröshagymát. Ezután hozzáadjuk a felkockázott, sózott, borsozott húst, majd fehéredésig pirítjuk.\r\nAmikor kifehéredett, megszórjuk a pirospaprikával és az ételízesítővel, felöntjük 0,5 dl vízzel, majd pár percig kevergetve pároljuk. Ezután felöntjük annyi vízzel, hogy jól ellepje, majd félpuhára főzzük a húst.\r\nAmikor a hús félig megpuhult, hozzáadjuk az ízlés szerint felvágott sárgarépát, petrezselymet, zellert, paprikát és a paradicsomot, majd még egy kevés vízzel felöntjük. Hozzáadjuk az egész borsokat, a köménymagot és a sót, és így főzzük tovább.\r\nAmikor a hús már majdnem teljesen megpuhult (kb. 35 perc múlva), beletesszük a kockára vágott krumplit, és 10 perc alatt teljesen készre főzzük a levest.\r\nTálaláskor a leves mellé kínálhatunk kenyérszeleteket vagy pogácsát.', '1012.jpg', 'Mindkettő'),
(1013, 'recipe', 'Fasírt', '', 263, 25, 17, 14, 'A fasírt elkészítéséhez a zsemlét vízbe áztatjuk, majd alaposan kinyomkodjuk. Az apróra vágott hagymát olajon megdinszteljük. A fokhagymát összenyomjuk.\r\nMinden hozzávalót alaposan összedolgozunk, majd ízlés szerint fűszerezzük a masszát.\r\nVizes kézzel gombócokat formázunk (van, aki lapos pogácsákat készít), és zsemlemorzsában megforgatjuk.\r\nVégül nem túl forró olajban, oldalanként 5-5 perc alatt kisütjük a fasírtokat.', '1013.jpg', 'Mindkettő'),
(1014, 'ingredient', 'Porcukor', 'g', 400, 0, 100, 0, '', '', 'admin'),
(1015, 'recipe', 'Négerkocka', '', 323, 5, 49, 13, 'A sütőt előmelegítjük 150 fokra. Egy 20 × 30 cm-es tepsit kibélelünk szilikonos sütőpapírral.\r\nA kakaós tésztához a cukrot a puha vajjal és a tojássárgákkal kihabosítjuk kézi robotgép segítségével.\r\nEgy másik tálban összekeverjük az átszitált lisztet, a kakaóport, a sütőport és a sót.\r\nA cukros-vajas tojáshabhoz felváltva adagoljuk a tejet, és a kakaós lisztet. A masszát az előkészített tepsibe terítjük, majd kb. 20 perc alatt megsütjük. Rácsra téve hagyjuk kihűlni, majd megkenjük a baracklekvárral.\r\nA tojásfehérjét a cukorral és a citromlével gőz fölött kemény habbá verjük, majd a habot rásimítjuk a lekváros kakaós piskóta tetejére, és szépen simára egyengetjük.\r\nA csokimázhoz a cukrot, a tejet, a kakaóport lassú tűzön addig kevergetjük, míg a cukor teljesen elolvad. Hagyjuk egy kicsit hűlni, majd hozzáadjuk a puha vajat és simára keverjük.\r\nA kakaós mázzal bevonjuk a tojáshabos sütemény tetejét. Hűtőbe tesszük, hogy a máz megdermedjen, majd kockákra vágjuk és tálaljuk.', '1015.jpg', 'Mindkettő'),
(1016, 'recipe', 'Darált húsos rakott karfiol', '', 167, 14, 11, 9, 'A darált húsos rakott karfiolhoz a karfiolt rózsáira szedjük, és sós vízben kb. 10 perc alatt puhára főzzük (vigyázzunk, hogy a rózsák nagyjából egyben maradjanak, ne főjenek szét).\r\nA darált húst forró olajon megpirítjuk, megsózzuk, megborsozzuk.\r\nOlajon megpirítjuk a rizst, megsózzuk, megborsozzuk, majd dupla adag vízzel felöntjük. Kis lángon kb. 15 percig főzzük, és hagyjuk, hogy a rizs teljesen magába szívja a vizet. Ezután lefedve félretesszük további 15 percre.\r\nA megfőtt karfiolt kisebb darabokra vágjuk, majd az adag felét egy tepsi aljába tesszük.\r\nAz elkészült rizst és a darált húst összekeverjük, majd a karfiolágyra fektetjük. A sort a maradék karfiollal zárjuk. Meglocsoljuk tejföllel a tetejét, majd nagyjából 15 percre 180 fokra előmelegített sütőbe toljuk. Ezután megszórjuk sajttal a tetejét, és visszatesszük a sütőbe, míg a sajt szépen megpirul.', '1016.jpg', 'Mindkettő'),
(1017, 'ingredient', 'Csemegeuborka', 'g', 11, 0, 1, 0, '', '', 'admin'),
(1018, 'recipe', 'Hentes tokány', '', 194, 13, 3, 14, 'A hentes tokány elkészítéséhez a sertéshúst felcsíkozzuk. A csíkokra vágott húsos szalonnát egy forró serpenyőben pirítani kezdjük. Ha szükséges, hozzáadunk még egy kevés olajat, rászórjuk az apróra vágott vöröshagymát és üvegesre pirítjuk.\r\nHozzáadjuk a paradicsompürét, a finomra vágott fokhagymát, majd a húst. Megsózzuk, megborsozzuk ízlés szerint. Időnként megkeverve, közepes lángon fedő alatt készre pároljuk. Az elfőtt nedvességet vízzel pótoljuk.\r\nAmikor megpuhult, hozzáadjuk a csíkokra vágott csemegeuborkát, és ezzel pároljuk további 5 percig.\r\nKöretként főtt rizst, tésztát, tarhonyát kínálhatunk. Tálaláskor megszórjuk frissen aprított petrezselyemzölddel.', '1018.jpeg', 'Mindkettő'),
(1019, 'recipe', 'Dubarry szelet', '', 149, 10, 6, 10, 'A dubarry szelethez a hússzeleteket kiklopfoljuk, sózzuk, borsozzuk, majd egy serpenyőben, kevés, forró zsiradékon, hirtelen kisütjük.\r\nAz apró rózsákra szedett karfiolt rövid időre, forró, enyhén sós vízbe dobva előfőzzük kb. 5 perc alatt.\r\nA besamel mártáshoz felforrósítjuk a vajat, beleszórjuk a lisztet, világosra pirítjuk. Lehúzzuk a tűzről, vékony sugárban felöntjük a tejjel, simára keverjük. 2 percig forraljuk, beleteszünk 5 dkg sajtot, 1 csipet sót, és a szerecsendiót. A tűzről levéve elkeverjük a tojássárgákkal.\r\nEgy hőálló tálat kikenünk vajjal, egymás mellé belerakjuk a hússzeleteket, majd ráhalmozzuk a karfiolt, és az egészet leöntjük a besamellel. Rászórjuk a maradék reszelt sajtot.\r\n200 fokra előmelegített sütőbe toljuk, és 10-15 perc alatt aranybarnára sütjük. Krumplipürével, főtt rizzsel vagy hagymás, esetleg petrezselymes krumplival tálaljuk.', '1019.jpg', 'Mindkettő'),
(1020, 'ingredient', 'Rum', 'g', 231, 0, 0, 0, '', '', 'admin'),
(1021, 'recipe', 'Tiramisu', '', 244, 7, 25, 14, 'A tiramisu egyszerűen elkészíthető; elsőként a mascarponét egy nagy keverőtálba tesszük, hozzáadjuk a porcukrot és a tojások sárgáját. A fehérjéket robotgéppel kemény habbá verjük, és laza mozdulatokkal a mascarponéhez keverjük.\r\nEgy mélytányérba töltjük a kávét, és belekeverjük az alkoholt, majd a babapiskótákat gyors mozdulatokkal megforgatjuk benne, vigyázva, hogy ne ázzanak el.\r\nEgy kb. 6 cm falmagasságú tálban szorosan egymás mellé tesszük a megmártott piskóták felét. Rákenjük a krém felét, majd beterítjük egy újabb réteg kávéba áztatott babapiskótával, és rátesszük a maradék krémet.\r\nEgy éjszakára a hűtőszekrénybe tesszük a tiramisut, hogy összeérjenek az ízek. A tiramisut tálalás előtt megszórjuk kakaóporral.', '1021.jpg', 'Mindkettő'),
(1026, 'ingredient', 'Hízott libamáj (saját zsírjában)', 'g', 392, 16, 6, 35, '', '', 'admin'),
(1027, 'recipe', 'Túrógombóc', '', 212, 11, 25, 8, 'A klasszikus túrógombóc elkészítéséhez a túrót villával áttörjük, majd összegyúrjuk a tojásokkal, a búzadarával és a sóval. \r\nEzután lefedve a hűtőbe tesszük 3-4 órára, hogy megdagadjon a búzadara.\r\nEgy nagyobb fazékban vizet forralunk, amelybe kb. 1 kiskanál sót szórunk.\r\nVizes kézzel kisebb gombócokat formázunk a túrós masszából. Amikor a víz felforrt, beletesszük, és kb. 5 perc alatt kifőzzük a habkönnyű túrógombócokat. Azután leszűrjük, félretesszük.\r\nA zsemlemorzsát aranybarnára pirítjuk az olajon, és beleforgatjuk a leszűrt túrógombócokat. \r\nA klasszikus túrógombócokat porcukorral megszórva és a tejföllel meglocsolva kínáljuk. ', '1027.jpg', 'Felhasználó');

-- --------------------------------------------------------

--
-- Tábla szerkezet ehhez a táblához `ingredients_quantities`
--

CREATE TABLE `ingredients_quantities` (
  `recipe_id` int(11) NOT NULL,
  `ingredient_id` int(11) NOT NULL,
  `quantity` int(11) NOT NULL
) ENGINE=InnoDB DEFAULT CHARSET=utf8 COLLATE=utf8_hungarian_ci;

--
-- TÁBLA KAPCSOLATAI `ingredients_quantities`:
--   `recipe_id`
--       `foodstuff` -> `id`
--   `ingredient_id`
--       `foodstuff` -> `id`
--

--
-- A tábla adatainak kiíratása `ingredients_quantities`
--

INSERT INTO `ingredients_quantities` (`recipe_id`, `ingredient_id`, `quantity`) VALUES
(988, 521, 5),
(988, 519, 10),
(988, 836, 180),
(988, 939, 5),
(992, 253, 1000),
(992, 859, 300),
(992, 521, 30),
(992, 939, 15),
(992, 909, 20),
(992, 989, 10),
(992, 868, 20),
(992, 858, 100),
(992, 990, 10),
(992, 956, 2),
(992, 991, 3),
(992, 850, 150),
(992, 327, 200),
(995, 859, 100),
(995, 855, 100),
(995, 520, 20),
(995, 993, 250),
(995, 990, 5),
(995, 952, 5),
(995, 464, 300),
(995, 939, 10),
(995, 921, 100),
(995, 868, 20),
(995, 567, 20),
(995, 994, 250),
(995, 749, 150),
(997, 859, 100),
(997, 914, 50),
(997, 521, 50),
(997, 939, 20),
(997, 996, 500),
(997, 90, 40),
(997, 796, 200),
(997, 799, 200),
(997, 567, 15),
(997, 917, 10),
(1000, 859, 200),
(1000, 521, 20),
(1000, 868, 40),
(1000, 909, 20),
(1000, 993, 500),
(1000, 163, 100),
(1000, 939, 10),
(1000, 990, 5),
(1000, 998, 10),
(1000, 162, 500),
(1000, 999, 200),
(1004, 1001, 500),
(1004, 528, 50),
(1004, 855, 250),
(1004, 1002, 150),
(1004, 899, 50),
(1004, 859, 100),
(1004, 939, 10),
(1004, 990, 5),
(1004, 521, 20),
(1004, 567, 40),
(1004, 868, 5),
(1004, 1003, 400),
(1004, 958, 1),
(1004, 799, 200),
(1004, 90, 10),
(1004, 432, 15),
(1004, 343, 10),
(1004, 994, 500),
(1005, 859, 200),
(1005, 524, 20),
(1005, 909, 10),
(1005, 260, 750),
(1005, 858, 100),
(1005, 850, 100),
(1005, 898, 30),
(1005, 939, 10),
(1005, 990, 5),
(1005, 90, 350),
(1005, 836, 100),
(1006, 890, 750),
(1006, 939, 10),
(1006, 958, 1),
(1006, 90, 15),
(1006, 521, 20),
(1006, 868, 5),
(1006, 909, 10),
(1006, 799, 300),
(1006, 917, 5),
(1006, 567, 5),
(1006, 906, 20),
(1008, 939, 20),
(1008, 265, 800),
(1008, 990, 5),
(1008, 432, 20),
(1008, 521, 30),
(1008, 1007, 500),
(1008, 90, 20),
(1008, 836, 150),
(1008, 143, 400),
(1008, 859, 100),
(1008, 113, 30),
(1008, 906, 20),
(1009, 235, 1000),
(1009, 859, 250),
(1009, 885, 300),
(1009, 890, 500),
(1009, 799, 500),
(1009, 914, 30),
(1009, 939, 10),
(1009, 990, 5),
(1009, 909, 10),
(1009, 855, 100),
(1009, 334, 2000),
(1009, 90, 50),
(1011, 521, 20),
(1011, 859, 80),
(1011, 90, 30),
(1011, 334, 1500),
(1011, 163, 200),
(1011, 990, 5),
(1011, 939, 10),
(1011, 567, 20),
(1011, 1010, 100),
(1011, 749, 50),
(1012, 524, 20),
(1012, 859, 100),
(1012, 235, 500),
(1012, 939, 20),
(1012, 990, 5),
(1012, 909, 20),
(1012, 855, 100),
(1012, 905, 100),
(1012, 899, 50),
(1012, 858, 100),
(1012, 850, 100),
(1012, 989, 15),
(1012, 885, 300),
(1013, 993, 500),
(1013, 563, 100),
(1013, 859, 100),
(1013, 521, 10),
(1013, 868, 15),
(1013, 836, 90),
(1013, 991, 5),
(1013, 909, 20),
(1013, 939, 10),
(1013, 990, 5),
(1013, 113, 100),
(1015, 567, 400),
(1015, 519, 200),
(1015, 841, 50),
(1015, 90, 200),
(1015, 613, 20),
(1015, 724, 8),
(1015, 840, 150),
(1015, 343, 20),
(1015, 1014, 150),
(1015, 796, 300),
(1016, 880, 1000),
(1016, 939, 10),
(1016, 993, 500),
(1016, 521, 20),
(1016, 990, 5),
(1016, 103, 200),
(1016, 799, 100),
(1016, 749, 100),
(1018, 235, 600),
(1018, 534, 100),
(1018, 524, 20),
(1018, 859, 100),
(1018, 163, 40),
(1018, 868, 15),
(1018, 939, 10),
(1018, 990, 5),
(1018, 1017, 100),
(1018, 906, 20),
(1019, 246, 500),
(1019, 524, 40),
(1019, 880, 500),
(1019, 519, 70),
(1019, 90, 60),
(1019, 796, 500),
(1019, 749, 100),
(1019, 937, 3),
(1019, 939, 10),
(1019, 990, 5),
(1021, 767, 250),
(1021, 1014, 30),
(1021, 836, 150),
(1021, 324, 200),
(1021, 1020, 30),
(1021, 658, 200),
(1021, 613, 30),
(1027, 805, 500),
(1027, 836, 150),
(1027, 108, 200),
(1027, 939, 10),
(1027, 113, 100),
(1027, 521, 10),
(1027, 1014, 50),
(1027, 799, 200);

-- --------------------------------------------------------

--
-- Tábla szerkezet ehhez a táblához `meals`
--

CREATE TABLE `meals` (
  `id` int(11) NOT NULL,
  `username` varchar(255) NOT NULL,
  `date` date NOT NULL DEFAULT current_timestamp(),
  `mealtype` int(11) NOT NULL
) ENGINE=InnoDB DEFAULT CHARSET=utf8 COLLATE=utf8_hungarian_ci;

--
-- TÁBLA KAPCSOLATAI `meals`:
--   `username`
--       `users` -> `username`
--

--
-- A tábla adatainak kiíratása `meals`
--

INSERT INTO `meals` (`id`, `username`, `date`, `mealtype`) VALUES
(16, 'Mindkettő', '2026-01-14', 0),
(17, 'Mindegy', '2026-01-14', 0),
(18, 'Mindegy', '2026-01-14', 1),
(19, 'Mindegy', '2026-01-14', 2),
(20, 'Felhasználó', '2026-01-16', 0),
(21, 'Felhasználó', '2026-01-16', 1),
(22, 'Felhasználó', '2026-01-16', 2),
(23, 'Felhasználó', '2026-01-16', 3),
(24, 'Felhasználó', '2026-01-17', 0),
(25, 'Felhasználó', '2026-01-17', 1);

-- --------------------------------------------------------

--
-- Tábla szerkezet ehhez a táblához `meal_quantity`
--

CREATE TABLE `meal_quantity` (
  `meal_id` int(11) NOT NULL,
  `food_id` int(11) NOT NULL,
  `quantity` int(11) NOT NULL
) ENGINE=InnoDB DEFAULT CHARSET=utf8 COLLATE=utf8_hungarian_ci;

--
-- TÁBLA KAPCSOLATAI `meal_quantity`:
--   `meal_id`
--       `meals` -> `id`
--   `food_id`
--       `foodstuff` -> `id`
--

--
-- A tábla adatainak kiíratása `meal_quantity`
--

INSERT INTO `meal_quantity` (`meal_id`, `food_id`, `quantity`) VALUES
(16, 170, 100),
(18, 2, 200),
(19, 997, 200),
(17, 2, 500),
(17, 9, 100),
(20, 988, 200),
(20, 816, 100),
(20, 323, 100),
(21, 1005, 300),
(22, 424, 100),
(23, 2, 100),
(24, 170, 100),
(25, 563, 60),
(25, 519, 3),
(25, 201, 10);

-- --------------------------------------------------------

--
-- Tábla szerkezet ehhez a táblához `users`
--

CREATE TABLE `users` (
  `username` varchar(255) NOT NULL,
  `password` varchar(255) NOT NULL,
  `email` varchar(255) NOT NULL,
  `email_confirmed` tinyint(1) NOT NULL DEFAULT 0,
  `role` varchar(255) NOT NULL
) ENGINE=InnoDB DEFAULT CHARSET=utf8 COLLATE=utf8_hungarian_ci;

--
-- TÁBLA KAPCSOLATAI `users`:
--

--
-- A tábla adatainak kiíratása `users`
--

INSERT INTO `users` (`username`, `password`, `email`, `email_confirmed`, `role`) VALUES
('Felhasználó', '$2y$10$aJvK.ThxXkdVktxed9XM0OGzyq9qMJMo9JpXdIdDbYE9eIdZFv6d6', '8ibeFiKgtI070AVRL9XiCQ==', 0, 'user'),
('Felhasználó2', '$2y$10$evGo1ub94BTAvfhxyP9JeOMaHviiC8eH8B.0UGaMVOIBceQeQW7ka', 'qyKpYacRR2nojajC8C540w==', 0, 'user'),
('Felhasználó3', '$2y$10$yaLX2/.rYd8flBayEDUS6u6vdRC5o.7RKMdoH0d4W8ZgUvZpun6mm', 'e7qG0bOl9YkorFdLZHQdyw==', 0, 'user'),
('Mindegy', '$2y$10$scBm/lBzfllaYmQURvVp7.HHQQQ9q876eMh1/kkMt9mMO8bLQxJua', 'izih42k1JBxLmWSv4X6BJTF98reXhsxyUvLoh2vMlf0=', 0, 'user'),
('Mindkettő', '$2y$10$Ey4FPLCREGlpi8Slz77qQuFFw6O5RtVse61CWy35tpH1R9USHLFFm', 'wmjS0mWfNM2WV+nR+T+CQydz+XayYq6kQnBTO4WVSjU=', 0, 'user'),
('Próba', '$2y$10$PSWTkJzN/eDK.JELIWFrI.7xByhPN5VzVzhKJVCm20uDLFma87FFm', 'WtBzv9zvAVhgCGdZGJxorw==', 0, 'user');

-- --------------------------------------------------------

--
-- Tábla szerkezet ehhez a táblához `user_activities`
--

CREATE TABLE `user_activities` (
  `id` int(11) NOT NULL,
  `username` varchar(255) NOT NULL,
  `activity_id` int(11) NOT NULL,
  `duration_minutes` int(11) NOT NULL,
  `date` date NOT NULL
) ENGINE=InnoDB DEFAULT CHARSET=utf8 COLLATE=utf8_hungarian_ci;

--
-- TÁBLA KAPCSOLATAI `user_activities`:
--   `username`
--       `users` -> `username`
--   `activity_id`
--       `activities` -> `id`
--

--
-- A tábla adatainak kiíratása `user_activities`
--

INSERT INTO `user_activities` (`id`, `username`, `activity_id`, `duration_minutes`, `date`) VALUES
(21, 'Mindkettő', 139, 60, '2026-01-14'),
(28, 'Felhasználó', 14, 30, '2026-01-16'),
(29, 'Felhasználó', 76, 45, '2026-01-17');

-- --------------------------------------------------------

--
-- Tábla szerkezet ehhez a táblához `user_data`
--

CREATE TABLE `user_data` (
  `username` varchar(255) NOT NULL,
  `goal` tinyint(1) NOT NULL DEFAULT 0,
  `age` tinyint(3) NOT NULL DEFAULT 0,
  `height` tinyint(4) NOT NULL DEFAULT 0,
  `weight` tinyint(4) NOT NULL DEFAULT 0,
  `gender` tinyint(1) NOT NULL DEFAULT 0,
  `activity` float NOT NULL DEFAULT 0,
  `rmr` int(11) NOT NULL DEFAULT 0,
  `bmr` int(11) NOT NULL DEFAULT 0,
  `calorie_target` int(11) NOT NULL DEFAULT 0
) ENGINE=InnoDB DEFAULT CHARSET=utf8 COLLATE=utf8_hungarian_ci;

--
-- TÁBLA KAPCSOLATAI `user_data`:
--   `username`
--       `users` -> `username`
--

--
-- A tábla adatainak kiíratása `user_data`
--

INSERT INTO `user_data` (`username`, `goal`, `age`, `height`, `weight`, `gender`, `activity`, `rmr`, `bmr`, `calorie_target`) VALUES
('Mindegy', 0, 37, 127, 100, 1, 1.25, 1989, 2487, 1987),
('Mindkettő', 0, 40, 127, 60, 0, 1.25, 1239, 1549, 1049),
('Felhasználó', 0, 35, 127, 85, 1, 1.375, 1849, 2543, 2043);

--
-- Indexek a kiírt táblákhoz
--

--
-- A tábla indexei `activities`
--
ALTER TABLE `activities`
  ADD PRIMARY KEY (`id`);

--
-- A tábla indexei `foodstuff`
--
ALTER TABLE `foodstuff`
  ADD PRIMARY KEY (`id`);

--
-- A tábla indexei `ingredients_quantities`
--
ALTER TABLE `ingredients_quantities`
  ADD KEY `ingredients_quantities_ibfk_1` (`recipe_id`),
  ADD KEY `ingredients_quantities_ibfk_2` (`ingredient_id`);

--
-- A tábla indexei `meals`
--
ALTER TABLE `meals`
  ADD PRIMARY KEY (`id`),
  ADD KEY `username` (`username`);

--
-- A tábla indexei `meal_quantity`
--
ALTER TABLE `meal_quantity`
  ADD KEY `meal_id` (`meal_id`),
  ADD KEY `food_id` (`food_id`);

--
-- A tábla indexei `users`
--
ALTER TABLE `users`
  ADD PRIMARY KEY (`username`);

--
-- A tábla indexei `user_activities`
--
ALTER TABLE `user_activities`
  ADD PRIMARY KEY (`id`),
  ADD KEY `username` (`username`),
  ADD KEY `activity_id` (`activity_id`);

--
-- A tábla indexei `user_data`
--
ALTER TABLE `user_data`
  ADD KEY `username` (`username`);

--
-- A kiírt táblák AUTO_INCREMENT értéke
--

--
-- AUTO_INCREMENT a táblához `activities`
--
ALTER TABLE `activities`
  MODIFY `id` int(11) NOT NULL AUTO_INCREMENT, AUTO_INCREMENT=184;

--
-- AUTO_INCREMENT a táblához `foodstuff`
--
ALTER TABLE `foodstuff`
  MODIFY `id` int(11) NOT NULL AUTO_INCREMENT, AUTO_INCREMENT=1028;

--
-- AUTO_INCREMENT a táblához `meals`
--
ALTER TABLE `meals`
  MODIFY `id` int(11) NOT NULL AUTO_INCREMENT, AUTO_INCREMENT=26;

--
-- AUTO_INCREMENT a táblához `user_activities`
--
ALTER TABLE `user_activities`
  MODIFY `id` int(11) NOT NULL AUTO_INCREMENT, AUTO_INCREMENT=30;

--
-- Megkötések a kiírt táblákhoz
--

--
-- Megkötések a táblához `ingredients_quantities`
--
ALTER TABLE `ingredients_quantities`
  ADD CONSTRAINT `ingredients_quantities_ibfk_1` FOREIGN KEY (`recipe_id`) REFERENCES `foodstuff` (`id`),
  ADD CONSTRAINT `ingredients_quantities_ibfk_2` FOREIGN KEY (`ingredient_id`) REFERENCES `foodstuff` (`id`);

--
-- Megkötések a táblához `meals`
--
ALTER TABLE `meals`
  ADD CONSTRAINT `meals_ibfk_1` FOREIGN KEY (`username`) REFERENCES `users` (`username`);

--
-- Megkötések a táblához `meal_quantity`
--
ALTER TABLE `meal_quantity`
  ADD CONSTRAINT `meal_quantity_ibfk_1` FOREIGN KEY (`meal_id`) REFERENCES `meals` (`id`),
  ADD CONSTRAINT `meal_quantity_ibfk_2` FOREIGN KEY (`food_id`) REFERENCES `foodstuff` (`id`);

--
-- Megkötések a táblához `user_activities`
--
ALTER TABLE `user_activities`
  ADD CONSTRAINT `user_activities_ibfk_1` FOREIGN KEY (`username`) REFERENCES `users` (`username`),
  ADD CONSTRAINT `user_activities_ibfk_2` FOREIGN KEY (`activity_id`) REFERENCES `activities` (`id`);

--
-- Megkötések a táblához `user_data`
--
ALTER TABLE `user_data`
  ADD CONSTRAINT `user_data_ibfk_1` FOREIGN KEY (`username`) REFERENCES `users` (`username`);
COMMIT;

/*!40101 SET CHARACTER_SET_CLIENT=@OLD_CHARACTER_SET_CLIENT */;
/*!40101 SET CHARACTER_SET_RESULTS=@OLD_CHARACTER_SET_RESULTS */;
/*!40101 SET COLLATION_CONNECTION=@OLD_COLLATION_CONNECTION */;
